-- MySQL dump 10.13  Distrib 5.7.38, for Linux (x86_64)
--
-- Host: localhost    Database: 3945971c6721455a9e4f1d3458c952ad
-- ------------------------------------------------------
-- Server version	5.7.38-0ubuntu0.18.04.1

/*!40101 SET @OLD_CHARACTER_SET_CLIENT=@@CHARACTER_SET_CLIENT */;
/*!40101 SET @OLD_CHARACTER_SET_RESULTS=@@CHARACTER_SET_RESULTS */;
/*!40101 SET @OLD_COLLATION_CONNECTION=@@COLLATION_CONNECTION */;
/*!40101 SET NAMES utf8 */;
/*!40103 SET @OLD_TIME_ZONE=@@TIME_ZONE */;
/*!40103 SET TIME_ZONE='+00:00' */;
/*!40014 SET @OLD_UNIQUE_CHECKS=@@UNIQUE_CHECKS, UNIQUE_CHECKS=0 */;
/*!40014 SET @OLD_FOREIGN_KEY_CHECKS=@@FOREIGN_KEY_CHECKS, FOREIGN_KEY_CHECKS=0 */;
/*!40101 SET @OLD_SQL_MODE=@@SQL_MODE, SQL_MODE='NO_AUTO_VALUE_ON_ZERO' */;
/*!40111 SET @OLD_SQL_NOTES=@@SQL_NOTES, SQL_NOTES=0 */;

--
-- Table structure for table `agreements`
--

DROP TABLE IF EXISTS `agreements`;
/*!40101 SET @saved_cs_client     = @@character_set_client */;
/*!40101 SET character_set_client = utf8 */;
CREATE TABLE `agreements` (
  `id` bigint(20) unsigned NOT NULL AUTO_INCREMENT,
  `name` varchar(255) COLLATE utf8mb4_unicode_ci NOT NULL,
  `company_name` varchar(255) COLLATE utf8mb4_unicode_ci NOT NULL,
  `discount` varchar(255) COLLATE utf8mb4_unicode_ci NOT NULL,
  `state` varchar(255) COLLATE utf8mb4_unicode_ci NOT NULL,
  `created_at` timestamp NULL DEFAULT NULL,
  `updated_at` timestamp NULL DEFAULT NULL,
  PRIMARY KEY (`id`)
) ENGINE=InnoDB DEFAULT CHARSET=utf8mb4 COLLATE=utf8mb4_unicode_ci;
/*!40101 SET character_set_client = @saved_cs_client */;

--
-- Dumping data for table `agreements`
--

LOCK TABLES `agreements` WRITE;
/*!40000 ALTER TABLE `agreements` DISABLE KEYS */;
/*!40000 ALTER TABLE `agreements` ENABLE KEYS */;
UNLOCK TABLES;

--
-- Table structure for table `appointments`
--

DROP TABLE IF EXISTS `appointments`;
/*!40101 SET @saved_cs_client     = @@character_set_client */;
/*!40101 SET character_set_client = utf8 */;
CREATE TABLE `appointments` (
  `id` bigint(20) unsigned NOT NULL AUTO_INCREMENT,
  `start_date` datetime NOT NULL,
  `patient_id` int(11) NOT NULL,
  `consulting_room_id` int(11) DEFAULT NULL,
  `reason` varchar(255) COLLATE utf8mb4_unicode_ci NOT NULL,
  `speciality` varchar(255) COLLATE utf8mb4_unicode_ci NOT NULL,
  `created_at` timestamp NULL DEFAULT NULL,
  `updated_at` timestamp NULL DEFAULT NULL,
  PRIMARY KEY (`id`)
) ENGINE=InnoDB DEFAULT CHARSET=utf8mb4 COLLATE=utf8mb4_unicode_ci;
/*!40101 SET character_set_client = @saved_cs_client */;

--
-- Dumping data for table `appointments`
--

LOCK TABLES `appointments` WRITE;
/*!40000 ALTER TABLE `appointments` DISABLE KEYS */;
/*!40000 ALTER TABLE `appointments` ENABLE KEYS */;
UNLOCK TABLES;

--
-- Table structure for table `budget`
--

DROP TABLE IF EXISTS `budget`;
/*!40101 SET @saved_cs_client     = @@character_set_client */;
/*!40101 SET character_set_client = utf8 */;
CREATE TABLE `budget` (
  `id` bigint(20) unsigned NOT NULL AUTO_INCREMENT,
  `clinic_history` int(11) DEFAULT NULL,
  `agreement` int(11) DEFAULT NULL,
  `code_budget` varchar(255) COLLATE utf8mb4_unicode_ci DEFAULT NULL,
  `total` varchar(255) COLLATE utf8mb4_unicode_ci DEFAULT NULL,
  `balance` varchar(255) COLLATE utf8mb4_unicode_ci DEFAULT NULL,
  `partial_payment` varchar(255) COLLATE utf8mb4_unicode_ci DEFAULT NULL,
  `created_at` timestamp NULL DEFAULT NULL,
  `updated_at` timestamp NULL DEFAULT NULL,
  PRIMARY KEY (`id`)
) ENGINE=InnoDB AUTO_INCREMENT=187 DEFAULT CHARSET=utf8mb4 COLLATE=utf8mb4_unicode_ci;
/*!40101 SET character_set_client = @saved_cs_client */;

--
-- Dumping data for table `budget`
--

LOCK TABLES `budget` WRITE;
/*!40000 ALTER TABLE `budget` DISABLE KEYS */;
INSERT INTO `budget` VALUES (1,1,NULL,NULL,'80','80','0','2020-11-25 17:34:26','2020-11-25 17:43:54'),(2,2,NULL,'30424262','355','215','140','2020-12-01 20:26:53','2020-12-09 13:51:50'),(3,3,NULL,'30424262','0','0',NULL,'2020-12-03 23:04:56','2020-12-03 23:36:36'),(4,3,NULL,'30424262','0','-20','20','2020-12-03 23:05:14','2020-12-03 23:05:14'),(5,3,NULL,NULL,'0','0',NULL,'2020-12-03 23:05:43','2020-12-03 23:05:43'),(6,4,NULL,'29304856-07122020','1,000','700','300','2020-12-07 14:58:28','2020-12-07 14:58:28'),(7,5,NULL,'70683823-01','335','135','200','2020-12-08 14:33:11','2020-12-08 14:33:11'),(8,8,NULL,NULL,'135','35','100','2020-12-08 15:08:57','2020-12-08 15:08:57'),(9,11,NULL,NULL,'200','200',NULL,'2020-12-09 17:32:29','2020-12-09 17:32:29'),(10,12,NULL,'29472490-01','300','300',NULL,'2020-12-10 16:04:54','2020-12-10 16:04:54'),(11,13,NULL,'29236033-01','3,185','3,185',NULL,'2020-12-10 22:30:06','2021-01-05 14:13:27'),(12,14,NULL,'29236033-01','3,185','2,685','500','2020-12-10 22:31:47','2021-01-05 14:14:07'),(13,15,NULL,'29374099-01','200','0','200','2020-12-12 14:08:33','2020-12-12 14:08:33'),(14,16,NULL,'30424262-01','215','145','70','2020-12-12 22:29:00','2020-12-12 22:30:53'),(15,17,NULL,NULL,'145','0','145','2020-12-15 16:55:24','2020-12-15 16:55:24'),(16,18,NULL,'29236033-01','2,685','2,185','500','2020-12-16 20:33:47','2021-01-05 14:14:52'),(17,19,NULL,'29236033-01','2,185','1,685','500','2020-12-21 19:58:10','2021-01-05 14:15:23'),(18,20,NULL,NULL,'40','0','40','2021-01-02 14:44:17','2021-01-02 14:44:17'),(19,21,NULL,NULL,'260','0','260','2021-01-04 21:36:49','2021-01-04 21:36:49'),(20,22,NULL,'29236033-01','1,685','685','1000','2021-01-05 14:17:58','2021-01-05 14:17:58'),(21,23,NULL,'45792801-01','80','0','80','2021-01-08 22:17:24','2021-01-08 22:17:24'),(22,25,NULL,'41568378','60','40','20','2021-01-08 22:19:05','2021-01-08 22:19:05'),(23,26,NULL,'29553068-01','450','300','150','2021-01-11 15:16:19','2021-01-15 16:27:05'),(24,27,NULL,NULL,'685','335','350','2021-01-15 16:21:16','2021-01-15 16:21:16'),(25,28,NULL,'72458553-01','225','0','225','2021-01-15 16:24:47','2021-01-15 16:24:47'),(26,29,NULL,'29553068-01','300','300',NULL,'2021-01-15 16:28:53','2021-01-15 16:28:53'),(27,30,NULL,'29700837-01','250','225','25','2021-01-16 17:54:27','2021-01-16 17:54:27'),(28,31,NULL,'29700837-01','225','0','225','2021-01-16 17:55:43','2021-01-16 17:55:43'),(29,32,NULL,'29553068-01','800','800',NULL,'2021-01-18 21:06:07','2021-01-18 21:06:07'),(30,33,NULL,'29236033-01','335','235','100','2021-01-18 21:08:45','2021-01-18 21:08:45'),(31,34,NULL,'29236033-01','235','0','235','2021-02-06 17:03:10','2021-02-06 17:03:10'),(32,35,NULL,'29472490','910','460','450','2021-02-09 15:30:19','2021-02-09 15:30:19'),(33,36,NULL,'29472490-01','460','160','300','2021-02-09 15:35:43','2021-02-09 15:35:43'),(34,37,NULL,NULL,'2,500','1,970','530','2021-02-09 15:54:44','2021-02-09 15:54:44'),(35,43,NULL,NULL,'1,970','1,850','120','2021-02-09 16:05:21','2021-02-09 16:05:21'),(36,44,NULL,NULL,'1,850','1,730','120','2021-02-09 16:06:44','2021-02-09 16:06:44'),(37,46,NULL,'29553068','800','400','400','2021-02-17 16:10:28','2021-02-17 16:10:28'),(38,47,NULL,'29237494-01','200','0','200','2021-02-20 15:44:09','2021-02-20 15:44:09'),(39,48,NULL,'29733048-01','700','640','60','2021-02-26 15:02:08','2021-02-26 15:02:08'),(40,49,NULL,'29733048-01','640','540','100','2021-02-26 15:04:39','2021-02-26 15:04:39'),(41,50,NULL,'29733048-01','540','440','100','2021-02-26 15:06:51','2021-02-26 15:06:51'),(42,51,NULL,'29733048-01','440','340','100','2021-02-26 15:08:35','2021-02-26 15:08:35'),(43,52,NULL,'76696089','350','150','200','2021-02-27 15:25:52','2021-02-27 15:25:52'),(44,53,NULL,'76696089-01','150','0','150','2021-02-27 15:27:30','2021-02-27 15:27:30'),(45,54,NULL,'76696089-01','0','0','0','2021-02-27 15:28:36','2021-02-27 15:28:36'),(46,55,NULL,'Ortodoncia','1,730','1,610','120','2021-02-27 15:43:20','2021-02-27 15:43:20'),(47,56,NULL,NULL,'0','0',NULL,'2021-03-03 14:43:15','2021-03-03 14:43:15'),(48,58,NULL,'29733048-1','340','240','100','2021-03-03 16:01:24','2021-03-03 16:01:24'),(49,59,NULL,'29666939-01','1,050','750','300','2021-03-03 17:27:28','2021-03-03 17:27:28'),(50,60,NULL,'29666930-01','750','750','0','2021-03-03 17:31:08','2021-03-03 17:31:08'),(51,61,NULL,'29332689','2,700','2,700',NULL,'2021-03-09 14:03:34','2021-03-09 14:03:34'),(52,62,NULL,'29666930','750','450','300','2021-03-10 15:16:39','2021-03-10 15:16:39'),(53,63,NULL,NULL,'180','0','180','2021-03-11 15:28:03','2021-03-11 15:28:03'),(54,64,NULL,NULL,'160','0','160','2021-03-11 21:20:04','2021-03-11 21:20:17'),(55,65,NULL,NULL,'140','0','140','2021-03-11 21:21:26','2021-03-11 21:21:26'),(56,66,NULL,'29733048-01','240','0','240','2021-03-12 15:38:52','2021-03-12 15:38:52'),(57,67,NULL,'29666930','450','450',NULL,'2021-03-15 17:37:17','2021-03-15 17:37:17'),(58,68,NULL,'29733048-02','1,120','920','200','2021-03-16 13:58:46','2021-03-16 13:58:46'),(59,69,NULL,NULL,'80','0','80','2021-03-16 14:00:48','2021-03-16 14:00:48'),(60,70,NULL,NULL,'100','-100','200','2021-03-17 15:37:03','2021-03-17 15:37:03'),(61,71,NULL,NULL,'60','0','60','2021-03-18 15:09:49','2021-03-18 15:09:49'),(62,72,NULL,NULL,'100','0','100','2021-03-22 15:12:48','2021-03-22 15:12:48'),(63,73,NULL,NULL,'80','0','80','2021-03-22 16:27:44','2021-03-22 16:27:44'),(64,74,NULL,NULL,'100','0','100','2021-03-22 16:28:41','2021-03-22 16:28:41'),(65,75,NULL,NULL,'40','0','40','2021-03-22 21:52:00','2021-03-22 21:52:00'),(66,76,NULL,NULL,'3,200','3,000','200','2021-03-22 23:35:34','2021-03-22 23:35:34'),(67,77,NULL,NULL,'3,000','2,920','80','2021-03-22 23:37:04','2021-03-22 23:37:04'),(68,78,NULL,NULL,'2,920','2,720','200','2021-03-25 23:50:27','2021-03-25 23:50:27'),(69,79,NULL,NULL,'920','920','0','2021-03-26 14:28:24','2021-03-26 14:28:24'),(70,80,NULL,NULL,'920','720','200','2021-03-26 14:29:08','2021-03-26 14:29:08'),(71,81,NULL,NULL,'140','0','140','2021-03-29 20:08:13','2021-03-29 20:08:13'),(72,82,NULL,NULL,'3,005','2,500','505','2021-03-29 21:05:39','2021-03-29 21:05:39'),(73,83,NULL,NULL,'2,500','2,350','150','2021-03-29 21:07:21','2021-03-29 21:07:21'),(74,84,NULL,NULL,'2,350','2,200','150','2021-03-29 21:08:22','2021-03-29 21:08:22'),(75,85,NULL,NULL,'2,200','2,050','150','2021-03-29 21:09:47','2021-03-29 21:09:47'),(76,86,NULL,NULL,'2,720','2,600','120','2021-03-29 23:55:25','2021-03-29 23:55:25'),(77,87,NULL,NULL,'720','420','300','2021-04-05 16:45:57','2021-04-05 16:45:57'),(78,88,NULL,NULL,'2,600','2,480','120','2021-04-07 00:13:08','2021-04-07 00:13:08'),(79,89,NULL,NULL,'2,480','2,360','120','2021-04-08 23:54:09','2021-04-08 23:54:09'),(80,90,NULL,NULL,'915','315','600','2021-04-14 22:35:21','2021-04-14 22:35:21'),(81,91,NULL,NULL,'1,040','540','500','2021-04-22 16:23:29','2021-04-23 17:51:05'),(82,93,NULL,NULL,'540','540',NULL,'2021-04-23 17:51:39','2021-04-23 17:51:39'),(83,94,NULL,NULL,'400','0','400','2021-04-24 15:54:56','2021-04-24 15:54:56'),(84,95,NULL,NULL,'620','620',NULL,'2021-05-14 16:51:32','2021-05-14 16:51:32'),(85,96,NULL,NULL,'620','420','200','2021-05-18 21:18:41','2021-05-18 21:18:41'),(86,97,NULL,NULL,'2,050','1,950','100','2021-05-21 21:33:08','2021-05-21 21:33:08'),(87,98,NULL,NULL,'1,950','1,850','100','2021-05-21 21:34:14','2021-05-21 21:34:14'),(88,100,NULL,NULL,'2,360','2,300','60','2021-05-31 23:06:00','2021-05-31 23:06:00'),(89,101,NULL,NULL,'2,360','1,950','410','2021-05-31 23:07:09','2021-05-31 23:09:02'),(90,102,NULL,NULL,'1,950','1,850','100','2021-05-31 23:23:37','2021-05-31 23:23:37'),(91,103,NULL,NULL,'420','0','420','2021-06-02 16:09:37','2021-06-02 16:09:37'),(92,99,NULL,NULL,'2,440','2,440',NULL,'2021-06-02 21:42:10','2021-06-02 21:42:10'),(93,104,NULL,NULL,'2,420','2,320','100','2021-06-02 21:45:02','2021-06-02 21:45:02'),(94,105,NULL,NULL,'2,320','2,320','0','2021-06-02 21:46:23','2021-06-02 21:46:23'),(95,106,NULL,NULL,'0','0','0','2021-06-04 14:45:31','2021-06-04 14:45:31'),(96,107,NULL,NULL,'2,320','2,120','200','2021-06-11 20:48:38','2021-06-11 20:48:38'),(97,108,NULL,NULL,'2,120','1,980','140','2021-06-11 20:50:36','2021-06-11 20:50:47'),(98,109,NULL,NULL,'1,610','1,490','120','2021-06-17 15:59:13','2021-06-17 15:59:13'),(99,110,NULL,NULL,'1,490','1,370','120','2021-06-17 16:00:17','2021-06-17 16:00:17'),(100,111,NULL,NULL,'1,370','1,250','120','2021-06-17 16:01:29','2021-06-17 16:01:47'),(101,112,NULL,NULL,'1,250','1,130','120','2021-06-17 16:03:06','2021-06-17 16:03:06'),(102,113,NULL,NULL,'620','420','200','2021-06-17 21:31:09','2021-06-17 22:06:51'),(103,114,NULL,NULL,'0','0',NULL,'2021-06-17 22:05:08','2021-06-17 22:05:08'),(104,115,NULL,NULL,'420','220','200','2021-06-24 00:34:42','2021-06-24 00:34:42'),(105,116,NULL,NULL,'1,850','1,750','100','2021-06-24 14:49:28','2021-06-24 14:49:28'),(106,117,NULL,NULL,'420','320','100','2021-07-02 16:54:42','2021-07-02 16:54:42'),(107,118,NULL,NULL,'420','220','200','2021-07-09 16:45:07','2021-07-09 16:45:07'),(108,119,NULL,NULL,'220','120','100','2021-07-09 16:46:33','2021-07-09 16:46:33'),(109,120,NULL,NULL,'120','0','120','2021-07-09 16:47:31','2021-07-09 16:47:31'),(110,121,NULL,NULL,'1,980','1,730','250','2021-07-12 20:57:48','2021-07-12 20:57:48'),(111,122,NULL,NULL,'1,730','1,630','100','2021-07-12 20:59:57','2021-07-12 20:59:57'),(112,123,NULL,NULL,'1,630','1,480','150','2021-07-20 16:08:00','2021-07-20 16:08:00'),(113,124,NULL,NULL,'1,480','1,280','200','2021-07-27 15:46:39','2021-07-27 15:46:39'),(114,125,NULL,NULL,'1,280','1,030','250','2021-08-03 15:45:26','2021-08-03 15:45:26'),(115,126,NULL,NULL,'1,030','880','150','2021-08-05 15:59:20','2021-08-05 15:59:20'),(116,127,NULL,NULL,'880','680','200','2021-08-10 15:50:27','2021-08-10 15:50:27'),(117,128,NULL,NULL,'1,750','1,600','150','2021-08-11 15:07:18','2021-08-11 15:07:18'),(118,129,NULL,NULL,'1,600','1,450','150','2021-08-11 15:08:23','2021-08-11 15:08:23'),(119,130,NULL,NULL,'1,130','1,010','120','2021-08-11 15:20:20','2021-08-11 15:21:47'),(120,131,NULL,NULL,'680','430','250','2021-08-12 23:27:35','2021-08-12 23:27:35'),(121,132,NULL,NULL,'110','110',NULL,'2021-08-13 15:38:49','2021-08-13 15:38:49'),(122,133,NULL,NULL,'1,010','890','120','2021-08-18 21:26:23','2021-08-18 21:26:23'),(123,134,NULL,NULL,'430','130','300','2021-08-24 15:26:46','2021-08-24 15:26:46'),(124,135,NULL,NULL,'130','0','130','2021-08-24 16:05:48','2021-08-24 16:05:48'),(125,136,NULL,NULL,'1,370','1,270','100','2021-08-31 21:10:04','2021-09-28 20:59:20'),(126,137,NULL,NULL,'1,270','870','400','2021-08-31 21:11:17','2021-09-28 20:59:33'),(127,138,NULL,NULL,'870','670','200','2021-08-31 21:12:13','2021-09-28 20:59:50'),(128,139,NULL,NULL,'215','215',NULL,'2021-09-01 14:54:52','2021-09-01 14:54:52'),(129,140,NULL,NULL,'600','600',NULL,'2021-09-01 15:42:58','2021-09-01 15:42:58'),(130,141,NULL,NULL,'1,450','1,300','150','2021-09-02 21:09:19','2021-09-02 21:09:19'),(131,142,NULL,NULL,'890','590','300','2021-09-02 21:10:49','2021-09-02 21:10:49'),(132,143,NULL,NULL,'670','670',NULL,'2021-09-03 15:23:21','2021-10-15 16:50:44'),(133,144,NULL,NULL,'215','215',NULL,'2021-09-06 15:02:26','2021-09-06 15:03:22'),(134,145,NULL,NULL,'983','883','100','2021-09-06 21:55:26','2021-10-22 22:58:14'),(135,146,NULL,NULL,'670','500','170','2021-09-07 16:41:49','2021-10-15 16:50:56'),(136,147,NULL,NULL,'940','940',NULL,'2021-09-08 14:21:56','2021-09-08 14:21:56'),(137,148,NULL,NULL,'225','125','100','2021-09-09 17:24:14','2021-09-09 17:24:14'),(138,149,NULL,NULL,'640','540','100','2021-09-10 22:36:37','2021-09-10 22:36:37'),(139,150,NULL,NULL,'883','783','100','2021-09-15 22:28:29','2021-10-22 22:59:27'),(140,151,NULL,NULL,'783','783','0','2021-09-15 22:29:43','2021-10-22 23:00:27'),(141,152,NULL,NULL,'2,200','2,200',NULL,'2021-09-16 00:40:09','2021-11-10 22:43:04'),(142,153,NULL,NULL,'500','500','0','2021-09-21 16:44:43','2021-10-15 16:51:08'),(143,154,NULL,NULL,'500','400','100','2021-09-21 16:45:34','2021-10-15 16:51:17'),(144,155,NULL,NULL,'670','470','200','2021-09-21 20:58:04','2021-09-28 21:00:01'),(145,156,NULL,NULL,'783','283','500','2021-09-27 23:28:04','2021-10-22 23:00:46'),(146,157,NULL,NULL,'283','283','0','2021-09-27 23:28:45','2021-10-22 23:01:01'),(147,158,NULL,NULL,'125','0','125','2021-09-28 17:14:14','2021-09-28 17:14:14'),(148,159,NULL,NULL,'80','0','80','2021-09-28 17:18:42','2021-09-28 17:18:42'),(149,160,NULL,NULL,'470','270','200','2021-09-28 21:00:50','2021-09-28 21:00:50'),(150,161,NULL,NULL,'270','0','270','2021-10-09 14:35:41','2021-10-09 14:35:41'),(151,162,NULL,NULL,'540','170','370','2021-10-13 17:08:48','2021-10-13 17:08:48'),(152,163,NULL,NULL,'400','200','200','2021-10-15 16:49:07','2021-10-15 16:51:31'),(153,167,NULL,NULL,'2,700','2,500','200','2021-10-28 16:43:37','2021-10-28 16:43:37'),(154,169,NULL,NULL,'2,500','2,450','50','2021-10-28 16:46:02','2021-10-28 16:46:02'),(155,164,NULL,NULL,'283','283','0','2021-11-02 22:28:48','2021-11-02 22:28:48'),(156,165,NULL,NULL,'283','283','0','2021-11-02 22:29:05','2021-11-02 22:29:05'),(157,166,NULL,NULL,'283','283','0','2021-11-02 22:29:22','2021-11-02 22:29:22'),(158,170,NULL,NULL,'283','0','283','2021-11-02 22:29:58','2021-11-02 22:29:58'),(159,171,NULL,NULL,'1,300','1,150','150','2021-11-02 22:41:25','2021-11-02 22:41:25'),(160,172,NULL,NULL,'1,150','1,000','150','2021-11-02 22:42:21','2021-11-02 22:42:21'),(161,173,NULL,NULL,'590','140','450','2021-11-02 22:44:30','2021-11-02 22:44:30'),(162,174,NULL,NULL,'2,200','1,900','300','2021-11-10 22:44:01','2021-11-10 22:44:01'),(163,175,NULL,NULL,'1,900','1,700','200','2021-11-10 22:44:57','2021-11-10 22:44:57'),(164,176,NULL,NULL,'1,700','1,500','200','2021-11-10 22:46:17','2021-11-10 22:46:17'),(165,177,NULL,NULL,'1,500','1,400','100','2021-11-10 22:47:13','2021-11-10 22:47:13'),(166,178,NULL,NULL,'1,400','1,300','100','2021-11-10 22:48:08','2021-11-10 22:48:08'),(167,179,NULL,NULL,'200','0','200','2021-11-11 17:54:03','2021-11-11 17:54:03'),(168,180,NULL,NULL,'3,060','2,910','150','2021-11-27 16:10:50','2021-11-27 16:10:50'),(169,181,NULL,NULL,'1,910','1,900','10','2021-11-27 16:12:07','2021-11-27 16:12:07'),(170,182,NULL,NULL,'1,900','1,860','40','2021-11-27 16:22:34','2021-11-27 16:22:34'),(171,183,NULL,NULL,'1,300','1,100','200','2021-12-07 14:16:12','2021-12-07 14:16:12'),(172,184,NULL,NULL,'1,100','300','800','2021-12-10 00:27:42','2021-12-10 00:27:42'),(173,185,NULL,NULL,'300','200','100','2022-01-06 00:26:47','2022-01-06 00:26:47'),(174,186,NULL,NULL,'350','0','350','2022-01-18 21:49:26','2022-01-18 21:49:26'),(175,187,NULL,NULL,'200','100','100','2022-01-26 23:22:51','2022-01-26 23:22:51'),(176,188,NULL,NULL,'4,640','4,440','200','2022-02-07 23:56:25','2022-05-23 23:31:34'),(177,189,NULL,NULL,'1,020','1,020',NULL,'2022-02-09 23:53:41','2022-05-23 23:55:44'),(178,190,NULL,NULL,'1,000','850','150','2022-02-22 22:17:05','2022-02-22 22:17:05'),(179,191,NULL,NULL,'850','700','150','2022-02-22 22:18:26','2022-02-22 22:18:26'),(180,192,NULL,NULL,'700','550','150','2022-02-22 22:19:16','2022-02-22 22:19:16'),(181,193,NULL,NULL,'4,440','4,240','200','2022-03-16 00:27:26','2022-05-23 23:32:00'),(182,195,NULL,NULL,'3,000','2,000','1000','2022-04-20 00:43:52','2022-04-20 00:43:52'),(183,196,NULL,NULL,'2,000','1,500','500','2022-04-20 00:45:13','2022-04-20 00:45:13'),(184,197,NULL,NULL,'1,500','500','1000','2022-04-20 00:46:17','2022-04-20 00:46:17'),(185,201,NULL,NULL,'4,240','4,040','200','2022-05-23 23:33:02','2022-05-23 23:33:02'),(186,202,NULL,NULL,'4,040','3,840','200','2022-05-23 23:34:37','2022-05-23 23:34:48');
/*!40000 ALTER TABLE `budget` ENABLE KEYS */;
UNLOCK TABLES;

--
-- Table structure for table `budget_item`
--

DROP TABLE IF EXISTS `budget_item`;
/*!40101 SET @saved_cs_client     = @@character_set_client */;
/*!40101 SET character_set_client = utf8 */;
CREATE TABLE `budget_item` (
  `id` bigint(20) unsigned NOT NULL AUTO_INCREMENT,
  `budget` int(11) NOT NULL,
  `quantity` int(11) NOT NULL,
  `detail_treatment` text COLLATE utf8mb4_unicode_ci NOT NULL,
  `price` double(8,2) NOT NULL,
  `created_at` timestamp NULL DEFAULT NULL,
  `updated_at` timestamp NULL DEFAULT NULL,
  PRIMARY KEY (`id`)
) ENGINE=InnoDB AUTO_INCREMENT=392 DEFAULT CHARSET=utf8mb4 COLLATE=utf8mb4_unicode_ci;
/*!40101 SET character_set_client = @saved_cs_client */;

--
-- Dumping data for table `budget_item`
--

LOCK TABLES `budget_item` WRITE;
/*!40000 ALTER TABLE `budget_item` DISABLE KEYS */;
INSERT INTO `budget_item` VALUES (5,1,1,'Destartaje',60.00,'2020-11-25 17:45:15','2020-11-25 17:45:15'),(6,1,1,'Profilaxis',20.00,'2020-11-25 17:45:15','2020-11-25 17:45:15'),(19,6,2,'Prótesis Total',500.00,'2020-12-07 14:58:28','2020-12-07 14:58:28'),(20,7,3,'Resinas',75.00,'2020-12-08 14:33:11','2020-12-08 14:33:11'),(21,7,1,'Destartaje',90.00,'2020-12-08 14:33:11','2020-12-08 14:33:11'),(22,7,1,'Profilaxis',20.00,'2020-12-08 14:33:11','2020-12-08 14:33:11'),(23,8,1,'Tratamientos',135.00,'2020-12-08 15:08:57','2020-12-08 15:08:57'),(28,2,3,'resinas simples',75.00,'2020-12-09 13:51:50','2020-12-09 13:51:50'),(29,2,1,'ionomero',50.00,'2020-12-09 13:51:50','2020-12-09 13:51:50'),(30,2,1,'destartaje',60.00,'2020-12-09 13:51:50','2020-12-09 13:51:50'),(31,2,1,'profilaxis',20.00,'2020-12-09 13:51:50','2020-12-09 13:51:50'),(32,9,2,'Resinas',50.00,'2020-12-09 17:32:29','2020-12-09 17:32:29'),(33,9,1,'Destartaje',80.00,'2020-12-09 17:32:29','2020-12-09 17:32:29'),(34,9,1,'Profilaxis',20.00,'2020-12-09 17:32:29','2020-12-09 17:32:29'),(35,10,1,'Retratamiento',300.00,'2020-12-10 16:04:54','2020-12-10 16:04:54'),(38,13,1,'Tratamientos',200.00,'2020-12-12 14:08:33','2020-12-12 14:08:33'),(40,14,1,'Tratamientos',215.00,'2020-12-12 22:30:53','2020-12-12 22:30:53'),(41,15,1,'Tratamientos',145.00,'2020-12-15 16:55:24','2020-12-15 16:55:24'),(44,18,1,'Resina',40.00,'2021-01-02 14:44:17','2021-01-02 14:44:17'),(45,19,1,'Ortodoncia',260.00,'2021-01-04 21:36:49','2021-01-04 21:36:49'),(46,11,10,'Coronas Porcelana',300.00,'2021-01-05 14:13:27','2021-01-05 14:13:27'),(47,11,1,'Corona',185.00,'2021-01-05 14:13:27','2021-01-05 14:13:27'),(48,12,1,'Tratamientos',3185.00,'2021-01-05 14:14:07','2021-01-05 14:14:07'),(49,16,1,'Tratamientos',2685.00,'2021-01-05 14:14:52','2021-01-05 14:14:52'),(50,17,1,'Tratamientos',2185.00,'2021-01-05 14:15:23','2021-01-05 14:15:23'),(51,20,1,'Tratamientos',1685.00,'2021-01-05 14:17:58','2021-01-05 14:17:58'),(52,21,2,'Ionomeros',30.00,'2021-01-08 22:17:24','2021-01-08 22:17:24'),(53,21,1,'profilaxis',20.00,'2021-01-08 22:17:24','2021-01-08 22:17:24'),(54,22,1,'Destartaje',20.00,'2021-01-08 22:19:05','2021-01-08 22:19:05'),(55,22,1,'Resina',40.00,'2021-01-08 22:19:05','2021-01-08 22:19:05'),(58,24,1,'Tratamientos',685.00,'2021-01-15 16:21:16','2021-01-15 16:21:16'),(59,25,1,'Consulta',25.00,'2021-01-15 16:24:47','2021-01-15 16:24:47'),(60,25,1,'Profilaxis',20.00,'2021-01-15 16:24:47','2021-01-15 16:24:47'),(61,25,1,'destartaje',60.00,'2021-01-15 16:24:47','2021-01-15 16:24:47'),(62,25,2,'extracciones',60.00,'2021-01-15 16:24:47','2021-01-15 16:24:47'),(63,23,1,'Perno de fibra',150.00,'2021-01-15 16:27:05','2021-01-15 16:27:05'),(64,23,1,'Incrustación Ceromero',300.00,'2021-01-15 16:27:05','2021-01-15 16:27:05'),(65,26,1,'Tratamientos',300.00,'2021-01-15 16:28:53','2021-01-15 16:28:53'),(66,27,1,'Incrustación Ceromero',250.00,'2021-01-16 17:54:27','2021-01-16 17:54:27'),(67,28,1,'Tratamientos',225.00,'2021-01-16 17:55:43','2021-01-16 17:55:43'),(68,29,1,'Tratamientos',300.00,'2021-01-18 21:06:07','2021-01-18 21:06:07'),(69,29,1,'Perno Colado',150.00,'2021-01-18 21:06:07','2021-01-18 21:06:07'),(70,29,1,'Corona M/P',350.00,'2021-01-18 21:06:07','2021-01-18 21:06:07'),(71,30,1,'Tratamientos',335.00,'2021-01-18 21:08:45','2021-01-18 21:08:45'),(72,31,1,'Tratamientos',235.00,'2021-02-06 17:03:10','2021-02-06 17:03:10'),(73,32,1,'extracción',60.00,'2021-02-09 15:30:19','2021-02-09 15:30:19'),(74,32,1,'Corona m/porcelana',350.00,'2021-02-09 15:30:19','2021-02-09 15:30:19'),(75,32,1,'PPR superior',500.00,'2021-02-09 15:30:19','2021-02-09 15:30:19'),(76,33,1,'Tratamientos',460.00,'2021-02-09 15:35:43','2021-02-09 15:35:43'),(82,35,1,'ortodoncia',1970.00,'2021-02-09 16:05:21','2021-02-09 16:05:21'),(83,36,1,'Ortodoncia',1850.00,'2021-02-09 16:06:44','2021-02-09 16:06:44'),(84,37,1,'Tratamientos',800.00,'2021-02-17 16:10:28','2021-02-17 16:10:28'),(85,38,1,'Resina compuesta',80.00,'2021-02-20 15:44:09','2021-02-20 15:44:09'),(86,38,2,'Ionomero 1.6 1.5',60.00,'2021-02-20 15:44:09','2021-02-20 15:44:09'),(87,39,2,'Retratamientos',350.00,'2021-02-26 15:02:08','2021-02-26 15:02:08'),(88,40,1,'Tratamientos',640.00,'2021-02-26 15:04:39','2021-02-26 15:04:39'),(89,41,1,'Tratamientos',540.00,'2021-02-26 15:06:51','2021-02-26 15:06:51'),(90,42,1,'Tratamientos',440.00,'2021-02-26 15:08:35','2021-02-26 15:08:35'),(91,43,1,'ENDODONCIA',300.00,'2021-02-27 15:25:52','2021-02-27 15:25:52'),(92,43,1,'RESINA',50.00,'2021-02-27 15:25:52','2021-02-27 15:25:52'),(93,44,1,'Tratamientos',150.00,'2021-02-27 15:27:30','2021-02-27 15:27:30'),(94,45,1,'Tratamientos',0.00,'2021-02-27 15:28:36','2021-02-27 15:28:36'),(95,46,1,'Ortodoncia',1730.00,'2021-02-27 15:43:20','2021-02-27 15:43:20'),(96,48,1,'endodoncia',340.00,'2021-03-03 16:01:24','2021-03-03 16:01:24'),(97,49,3,'Retratamientos',350.00,'2021-03-03 17:27:28','2021-03-03 17:27:28'),(98,50,1,'Tratamientos',750.00,'2021-03-03 17:31:08','2021-03-03 17:31:08'),(99,51,8,'Extracciones',60.00,'2021-03-09 14:03:34','2021-03-09 14:03:34'),(100,51,2,'Coronas m/porcelana',350.00,'2021-03-09 14:03:34','2021-03-09 14:03:34'),(101,51,2,'Ataches',260.00,'2021-03-09 14:03:34','2021-03-09 14:03:34'),(102,51,2,'Ppr',500.00,'2021-03-09 14:03:34','2021-03-09 14:03:34'),(103,52,1,'Tratamientos',750.00,'2021-03-10 15:16:39','2021-03-10 15:16:39'),(104,53,1,'Curetaje',180.00,'2021-03-11 15:28:03','2021-03-11 15:28:03'),(106,54,2,'Resina Compuesta',80.00,'2021-03-11 21:20:17','2021-03-11 21:20:17'),(107,55,2,'Resinas simples',60.00,'2021-03-11 21:21:26','2021-03-11 21:21:26'),(108,55,1,'Profilaxis',20.00,'2021-03-11 21:21:26','2021-03-11 21:21:26'),(109,56,1,'Tratamientos',240.00,'2021-03-12 15:38:52','2021-03-12 15:38:52'),(110,57,1,'endodoncia',450.00,'2021-03-15 17:37:17','2021-03-15 17:37:17'),(111,58,1,'Incrustación Ceromero',300.00,'2021-03-16 13:58:46','2021-03-16 13:58:46'),(112,58,1,'Perno de fibra',120.00,'2021-03-16 13:58:46','2021-03-16 13:58:46'),(113,58,2,'Corona M/P',350.00,'2021-03-16 13:58:46','2021-03-16 13:58:46'),(114,59,1,'Resina',80.00,'2021-03-16 14:00:48','2021-03-16 14:00:48'),(115,60,1,'Resina Compleja',100.00,'2021-03-17 15:37:03','2021-03-17 15:37:03'),(116,61,1,'Resina Simple',60.00,'2021-03-18 15:09:49','2021-03-18 15:09:49'),(117,62,1,'Resina',100.00,'2021-03-22 15:12:48','2021-03-22 15:12:48'),(118,63,1,'Resina',80.00,'2021-03-22 16:27:44','2021-03-22 16:27:44'),(119,64,1,'Resina',100.00,'2021-03-22 16:28:41','2021-03-22 16:28:41'),(120,65,1,'Destartaje',40.00,'2021-03-22 21:52:00','2021-03-22 21:52:00'),(121,66,10,'Resina Simple',60.00,'2021-03-22 23:35:34','2021-03-22 23:35:34'),(122,66,3,'Resinas Compuestas',80.00,'2021-03-22 23:35:34','2021-03-22 23:35:34'),(123,66,1,'destartaje c/ profilaxis',60.00,'2021-03-22 23:35:34','2021-03-22 23:35:34'),(124,66,1,'ortodoncia',2300.00,'2021-03-22 23:35:34','2021-03-22 23:35:34'),(125,67,1,'Tratamientos',3000.00,'2021-03-22 23:37:05','2021-03-22 23:37:05'),(126,68,1,'Tratamientos',2920.00,'2021-03-25 23:50:27','2021-03-25 23:50:27'),(127,69,1,'Tratamientos',920.00,'2021-03-26 14:28:24','2021-03-26 14:28:24'),(128,70,1,'Tratamientos',920.00,'2021-03-26 14:29:08','2021-03-26 14:29:08'),(129,71,1,'Resina',140.00,'2021-03-29 20:08:13','2021-03-29 20:08:13'),(130,72,17,'Resina',75.00,'2021-03-29 21:05:39','2021-03-29 21:05:39'),(131,72,1,'Destartaje',80.00,'2021-03-29 21:05:39','2021-03-29 21:05:39'),(132,72,1,'Ortodoncia',1650.00,'2021-03-29 21:05:39','2021-03-29 21:05:39'),(133,73,1,'Tratamientos',2500.00,'2021-03-29 21:07:21','2021-03-29 21:07:21'),(134,74,1,'Tratamientos',2350.00,'2021-03-29 21:08:22','2021-03-29 21:08:22'),(135,75,1,'Tratamientos',2200.00,'2021-03-29 21:09:47','2021-03-29 21:09:47'),(136,76,1,'Tratamientos',2720.00,'2021-03-29 23:55:25','2021-03-29 23:55:25'),(137,77,1,'Tratamientos',720.00,'2021-04-05 16:45:57','2021-04-05 16:45:57'),(138,78,1,'Tratamientos',2600.00,'2021-04-07 00:13:08','2021-04-07 00:13:08'),(139,79,1,'Tratamientos',2480.00,'2021-04-08 23:54:09','2021-04-08 23:54:09'),(140,80,1,'Endodoncia',250.00,'2021-04-14 22:35:21','2021-04-14 22:35:21'),(141,80,1,'Incrustacion',105.00,'2021-04-14 22:35:21','2021-04-14 22:35:21'),(142,80,1,'Corona M/P',200.00,'2021-04-14 22:35:21','2021-04-14 22:35:21'),(143,80,5,'Resinas',60.00,'2021-04-14 22:35:21','2021-04-14 22:35:21'),(144,80,1,'Destartaje',60.00,'2021-04-14 22:35:21','2021-04-14 22:35:21'),(149,81,8,'Resinas simples',60.00,'2021-04-23 17:51:05','2021-04-23 17:51:05'),(150,81,6,'Resinas Compuestas',80.00,'2021-04-23 17:51:05','2021-04-23 17:51:05'),(151,81,1,'Destartaje',60.00,'2021-04-23 17:51:05','2021-04-23 17:51:05'),(152,81,1,'Profilaxis',20.00,'2021-04-23 17:51:05','2021-04-23 17:51:05'),(153,82,1,'Tratamientos',540.00,'2021-04-23 17:51:39','2021-04-23 17:51:39'),(154,83,1,'Tratamientos',400.00,'2021-04-24 15:54:56','2021-04-24 15:54:56'),(159,84,2,'Resinas Compuestas',80.00,'2021-05-14 17:06:55','2021-05-14 17:06:55'),(160,84,1,'Destartaje',80.00,'2021-05-14 17:06:55','2021-05-14 17:06:55'),(161,84,1,'Profilaxis',20.00,'2021-05-14 17:06:55','2021-05-14 17:06:55'),(162,84,4,'Cirugías',90.00,'2021-05-14 17:06:55','2021-05-14 17:06:55'),(163,85,1,'Tratamientos',620.00,'2021-05-18 21:18:41','2021-05-18 21:18:41'),(164,86,1,'Ortodoncia',2050.00,'2021-05-21 21:33:08','2021-05-21 21:33:08'),(165,87,1,'Ortodoncia',1950.00,'2021-05-21 21:34:14','2021-05-21 21:34:14'),(166,88,1,'Tratamientos',2360.00,'2021-05-31 23:06:00','2021-05-31 23:06:00'),(168,89,1,'Tratamientos',2360.00,'2021-05-31 23:09:02','2021-05-31 23:09:02'),(169,90,1,'Ortodoncia',1950.00,'2021-05-31 23:23:37','2021-05-31 23:23:37'),(170,91,4,'Restauraciones',80.00,'2021-06-02 16:09:37','2021-06-02 16:09:37'),(171,91,1,'destartaje',80.00,'2021-06-02 16:09:37','2021-06-02 16:09:37'),(172,91,1,'pulido',20.00,'2021-06-02 16:09:37','2021-06-02 16:09:37'),(173,92,7,'Restauraciones',60.00,'2021-06-02 21:42:10','2021-06-02 21:42:10'),(174,92,1,'profilaxis',20.00,'2021-06-02 21:42:10','2021-06-02 21:42:10'),(175,92,1,'Ortodoncia',2000.00,'2021-06-02 21:42:10','2021-06-02 21:42:10'),(176,93,1,'Tratamientos',2420.00,'2021-06-02 21:45:02','2021-06-02 21:45:02'),(177,94,1,'Tratamientos',2320.00,'2021-06-02 21:46:23','2021-06-02 21:46:23'),(178,95,1,'Tratamientos',0.00,'2021-06-04 14:45:31','2021-06-04 14:45:31'),(179,96,1,'Tratamientos',2320.00,'2021-06-11 20:48:38','2021-06-11 20:48:38'),(181,97,1,'Tratamientos',2120.00,'2021-06-11 20:50:47','2021-06-11 20:50:47'),(182,98,1,'Tratamientos',1610.00,'2021-06-17 15:59:13','2021-06-17 15:59:13'),(183,99,1,'Ortodoncia',1490.00,'2021-06-17 16:00:17','2021-06-17 16:00:17'),(185,100,1,'Ortodoncia',1370.00,'2021-06-17 16:01:47','2021-06-17 16:01:47'),(186,101,1,'Ortodoncia',1250.00,'2021-06-17 16:03:06','2021-06-17 16:03:06'),(190,102,6,'Ionomeros',60.00,'2021-06-17 22:06:51','2021-06-17 22:06:51'),(191,102,3,'Resinas Compuestas',80.00,'2021-06-17 22:06:51','2021-06-17 22:06:51'),(192,102,1,'Profilaxis',20.00,'2021-06-17 22:06:51','2021-06-17 22:06:51'),(193,104,1,'Tratamientos',420.00,'2021-06-24 00:34:42','2021-06-24 00:34:42'),(194,105,1,'Ortodoncia',1850.00,'2021-06-24 14:49:28','2021-06-24 14:49:28'),(195,106,1,'Tratamientos',420.00,'2021-07-02 16:54:42','2021-07-02 16:54:42'),(196,107,1,'Tratamientos',420.00,'2021-07-09 16:45:07','2021-07-09 16:45:07'),(197,108,1,'Tratamientos',220.00,'2021-07-09 16:46:33','2021-07-09 16:46:33'),(198,109,1,'Tratamientos',120.00,'2021-07-09 16:47:31','2021-07-09 16:47:31'),(199,110,13,'Restauraciones',100.00,'2021-07-12 20:57:48','2021-07-12 20:57:48'),(200,110,2,'Incrustaciones',300.00,'2021-07-12 20:57:48','2021-07-12 20:57:48'),(201,110,1,'destartaje',80.00,'2021-07-12 20:57:48','2021-07-12 20:57:48'),(202,111,1,'Tratamientos',1730.00,'2021-07-12 20:59:57','2021-07-12 20:59:57'),(203,112,1,'Tratamientos',1630.00,'2021-07-20 16:08:00','2021-07-20 16:08:00'),(204,113,1,'Tratamientos',1480.00,'2021-07-27 15:46:39','2021-07-27 15:46:39'),(205,114,1,'Tratamientos',1280.00,'2021-08-03 15:45:26','2021-08-03 15:45:26'),(206,115,1,'Tratamientos',1030.00,'2021-08-05 15:59:20','2021-08-05 15:59:20'),(207,116,1,'Tratamientos',880.00,'2021-08-10 15:50:27','2021-08-10 15:50:27'),(208,117,1,'Ortodoncia',1750.00,'2021-08-11 15:07:18','2021-08-11 15:07:18'),(209,118,1,'Ortodoncia',1600.00,'2021-08-11 15:08:23','2021-08-11 15:08:23'),(211,119,1,'Ortodoncia',1130.00,'2021-08-11 15:21:47','2021-08-11 15:21:47'),(212,120,1,'Tratamientos',680.00,'2021-08-12 23:27:35','2021-08-12 23:27:35'),(213,121,1,'Destartaje',60.00,'2021-08-13 15:38:49','2021-08-13 15:38:49'),(214,121,1,'Profilaxis',20.00,'2021-08-13 15:38:49','2021-08-13 15:38:49'),(215,121,1,'Barniz',30.00,'2021-08-13 15:38:49','2021-08-13 15:38:49'),(216,122,1,'Ortodoncia',1010.00,'2021-08-18 21:26:23','2021-08-18 21:26:23'),(217,34,10,'resinas',75.00,'2021-08-18 21:28:14','2021-08-18 21:28:14'),(218,34,1,'Extracción',50.00,'2021-08-18 21:28:14','2021-08-18 21:28:14'),(219,34,1,'profilaxis',20.00,'2021-08-18 21:28:14','2021-08-18 21:28:14'),(220,34,1,'Ortodoncia',1650.00,'2021-08-18 21:28:14','2021-08-18 21:28:14'),(221,34,1,'rx',30.00,'2021-08-18 21:28:14','2021-08-18 21:28:14'),(222,123,1,'Tratamientos',430.00,'2021-08-24 15:26:46','2021-08-24 15:26:46'),(223,124,1,'Tratamientos',130.00,'2021-08-24 16:05:48','2021-08-24 16:05:48'),(230,128,1,'Resina',85.00,'2021-09-01 14:54:52','2021-09-01 14:54:52'),(231,128,1,'Destartaje',60.00,'2021-09-01 14:54:52','2021-09-01 14:54:52'),(232,128,1,'profilaxis',20.00,'2021-09-01 14:54:52','2021-09-01 14:54:52'),(233,128,1,'barniz',50.00,'2021-09-01 14:54:52','2021-09-01 14:54:52'),(238,129,2,'resinas',85.00,'2021-09-01 15:51:48','2021-09-01 15:51:48'),(239,129,1,'Corona m/porcelana',350.00,'2021-09-01 15:51:48','2021-09-01 15:51:48'),(240,129,1,'destartaje',60.00,'2021-09-01 15:51:48','2021-09-01 15:51:48'),(241,129,1,'profilaxis',20.00,'2021-09-01 15:51:48','2021-09-01 15:51:48'),(242,130,1,'Ortodoncia',1450.00,'2021-09-02 21:09:19','2021-09-02 21:09:19'),(243,131,1,'Ortodoncia',890.00,'2021-09-02 21:10:49','2021-09-02 21:10:49'),(248,133,1,'Tratamientos',215.00,'2021-09-06 15:03:22','2021-09-06 15:03:22'),(253,136,8,'Resina',85.00,'2021-09-08 14:21:56','2021-09-08 14:21:56'),(254,136,1,'Destartaje / Profilaxis',80.00,'2021-09-08 14:21:56','2021-09-08 14:21:56'),(255,136,1,'Cirugía',180.00,'2021-09-08 14:21:56','2021-09-08 14:21:56'),(256,137,1,'Ionomero',85.00,'2021-09-09 17:24:14','2021-09-09 17:24:14'),(257,137,1,'resina',60.00,'2021-09-09 17:24:14','2021-09-09 17:24:14'),(258,137,1,'Destartaje / Profilaxis',80.00,'2021-09-09 17:24:14','2021-09-09 17:24:14'),(259,138,1,'perno',120.00,'2021-09-10 22:36:37','2021-09-10 22:36:37'),(260,138,1,'Corona m/porcelana',350.00,'2021-09-10 22:36:37','2021-09-10 22:36:37'),(261,138,2,'Restauraciones',85.00,'2021-09-10 22:36:37','2021-09-10 22:36:37'),(287,147,1,'Tratamientos',125.00,'2021-09-28 17:14:14','2021-09-28 17:14:14'),(288,148,1,'Tratamientos',80.00,'2021-09-28 17:18:42','2021-09-28 17:18:42'),(289,125,1,'Endodoncia',300.00,'2021-09-28 20:59:20','2021-09-28 20:59:20'),(290,125,2,'Perno c.',110.00,'2021-09-28 20:59:20','2021-09-28 20:59:20'),(291,125,1,'Corona M/P',350.00,'2021-09-28 20:59:20','2021-09-28 20:59:20'),(292,125,2,'incrustaciones',250.00,'2021-09-28 20:59:20','2021-09-28 20:59:20'),(293,126,1,'Tratamientos',1270.00,'2021-09-28 20:59:33','2021-09-28 20:59:33'),(294,127,1,'Tratamientos',870.00,'2021-09-28 20:59:50','2021-09-28 20:59:50'),(295,144,1,'Tratamientos',670.00,'2021-09-28 21:00:01','2021-09-28 21:00:01'),(296,149,1,'Tratamientos',470.00,'2021-09-28 21:00:50','2021-09-28 21:00:50'),(297,150,1,'Tratamientos',270.00,'2021-10-09 14:35:41','2021-10-09 14:35:41'),(298,151,1,'Tratamientos',540.00,'2021-10-13 17:08:48','2021-10-13 17:08:48'),(311,132,5,'Restauraciones',85.00,'2021-10-15 16:50:44','2021-10-15 16:50:44'),(312,132,1,'Extraccion',60.00,'2021-10-15 16:50:44','2021-10-15 16:50:44'),(313,132,1,'Destartaje / Profilaxis',85.00,'2021-10-15 16:50:44','2021-10-15 16:50:44'),(314,132,2,'Curaciones',50.00,'2021-10-15 16:50:44','2021-10-15 16:50:44'),(315,135,1,'Tratamientos',670.00,'2021-10-15 16:50:56','2021-10-15 16:50:56'),(316,142,1,'Tratamientos',500.00,'2021-10-15 16:51:08','2021-10-15 16:51:08'),(317,143,1,'Tratamientos',500.00,'2021-10-15 16:51:17','2021-10-15 16:51:17'),(318,152,1,'Tratamientos',400.00,'2021-10-15 16:51:31','2021-10-15 16:51:31'),(319,134,9,'Restauraciones',67.00,'2021-10-22 22:58:14','2021-10-22 22:58:14'),(320,134,1,'Destartaje / Profilaxis',80.00,'2021-10-22 22:58:14','2021-10-22 22:58:14'),(321,134,1,'Endodoncia',300.00,'2021-10-22 22:58:15','2021-10-22 22:58:15'),(322,139,1,'Tratamientos',883.00,'2021-10-22 22:59:27','2021-10-22 22:59:27'),(323,140,1,'Tratamientos',783.00,'2021-10-22 23:00:27','2021-10-22 23:00:27'),(324,145,1,'Tratamientos',783.00,'2021-10-22 23:00:46','2021-10-22 23:00:46'),(325,146,1,'Tratamientos',283.00,'2021-10-22 23:01:01','2021-10-22 23:01:01'),(326,153,1,'Tratamientos',2700.00,'2021-10-28 16:43:37','2021-10-28 16:43:37'),(327,154,1,'Tratamientos',2500.00,'2021-10-28 16:46:02','2021-10-28 16:46:02'),(328,155,1,'Tratamientos',283.00,'2021-11-02 22:28:48','2021-11-02 22:28:48'),(329,156,1,'Tratamientos',283.00,'2021-11-02 22:29:05','2021-11-02 22:29:05'),(330,157,1,'Tratamientos',283.00,'2021-11-02 22:29:22','2021-11-02 22:29:22'),(331,158,1,'Tratamientos',283.00,'2021-11-02 22:29:58','2021-11-02 22:29:58'),(332,159,1,'Ortodoncia',1300.00,'2021-11-02 22:41:25','2021-11-02 22:41:25'),(333,160,1,'Ortodoncia',1150.00,'2021-11-02 22:42:21','2021-11-02 22:42:21'),(334,161,1,'Ortodoncia',590.00,'2021-11-02 22:44:30','2021-11-02 22:44:30'),(335,141,7,'Restauraciones',80.00,'2021-11-10 22:43:04','2021-11-10 22:43:04'),(336,141,1,'Puente',1400.00,'2021-11-10 22:43:04','2021-11-10 22:43:04'),(337,141,1,'Destartaje / Profilaxis',40.00,'2021-11-10 22:43:04','2021-11-10 22:43:04'),(338,141,1,'Endodoncia',200.00,'2021-11-10 22:43:04','2021-11-10 22:43:04'),(339,162,1,'Tratamientos',2200.00,'2021-11-10 22:44:01','2021-11-10 22:44:01'),(340,163,1,'Tratamientos',1900.00,'2021-11-10 22:44:57','2021-11-10 22:44:57'),(341,164,1,'Tratamientos',1700.00,'2021-11-10 22:46:17','2021-11-10 22:46:17'),(342,165,1,'Tratamientos',1500.00,'2021-11-10 22:47:13','2021-11-10 22:47:13'),(343,166,1,'Tratamientos',1400.00,'2021-11-10 22:48:08','2021-11-10 22:48:08'),(344,167,1,'Tratamientos',200.00,'2021-11-11 17:54:03','2021-11-11 17:54:03'),(345,168,2,'Restauraciones',80.00,'2021-11-27 16:10:50','2021-11-27 16:10:50'),(346,168,1,'Destartaje / Profilaxis',60.00,'2021-11-27 16:10:50','2021-11-27 16:10:50'),(347,168,1,'Extracción',40.00,'2021-11-27 16:10:50','2021-11-27 16:10:50'),(348,168,2,'Anclajes',150.00,'2021-11-27 16:10:50','2021-11-27 16:10:50'),(349,168,1,'Ortodoncia',2500.00,'2021-11-27 16:10:50','2021-11-27 16:10:50'),(350,169,1,'Tratamientos',1910.00,'2021-11-27 16:12:07','2021-11-27 16:12:07'),(351,170,1,'Tratamientos',1900.00,'2021-11-27 16:22:34','2021-11-27 16:22:34'),(352,171,1,'Tratamientos',1300.00,'2021-12-07 14:16:12','2021-12-07 14:16:12'),(353,172,1,'Tratamientos',1100.00,'2021-12-10 00:27:42','2021-12-10 00:27:42'),(354,173,1,'Tratamientos',300.00,'2022-01-06 00:26:47','2022-01-06 00:26:47'),(355,174,1,'Incrustación Ceromero',350.00,'2022-01-18 21:49:26','2022-01-18 21:49:26'),(356,175,1,'Tratamientos',200.00,'2022-01-26 23:22:51','2022-01-26 23:22:51'),(370,178,1,'Ortodoncia',1000.00,'2022-02-22 22:17:05','2022-02-22 22:17:05'),(371,179,1,'Ortodoncia',850.00,'2022-02-22 22:18:26','2022-02-22 22:18:26'),(372,180,1,'Ortodoncia',700.00,'2022-02-22 22:19:16','2022-02-22 22:19:16'),(374,182,1,'implantes',2000.00,'2022-04-20 00:43:52','2022-04-20 00:43:52'),(375,182,1,'Pilar',500.00,'2022-04-20 00:43:52','2022-04-20 00:43:52'),(376,182,1,'Corona M/P',500.00,'2022-04-20 00:43:52','2022-04-20 00:43:52'),(377,183,1,'Tratamientos',2000.00,'2022-04-20 00:45:13','2022-04-20 00:45:13'),(378,184,1,'Tratamientos',1500.00,'2022-04-20 00:46:17','2022-04-20 00:46:17'),(379,176,1,'Extraccion',60.00,'2022-05-23 23:31:34','2022-05-23 23:31:34'),(380,176,1,'Implante c/ corona',2530.00,'2022-05-23 23:31:34','2022-05-23 23:31:34'),(381,176,1,'Endodoncias',300.00,'2022-05-23 23:31:34','2022-05-23 23:31:34'),(382,176,5,'Coronas',350.00,'2022-05-23 23:31:34','2022-05-23 23:31:34'),(383,181,1,'Tratamientos',4440.00,'2022-05-23 23:32:00','2022-05-23 23:32:00'),(384,185,1,'Tratamientos',4240.00,'2022-05-23 23:33:02','2022-05-23 23:33:02'),(386,186,1,'Tratamientos',4040.00,'2022-05-23 23:34:48','2022-05-23 23:34:48'),(387,177,2,'Restauraciones',70.00,'2022-05-23 23:55:44','2022-05-23 23:55:44'),(388,177,1,'Endodoncia',350.00,'2022-05-23 23:55:44','2022-05-23 23:55:44'),(389,177,1,'Perno',120.00,'2022-05-23 23:55:44','2022-05-23 23:55:44'),(390,177,1,'Corona m/ceramica',350.00,'2022-05-23 23:55:44','2022-05-23 23:55:44'),(391,177,1,'Destartaje',60.00,'2022-05-23 23:55:44','2022-05-23 23:55:44');
/*!40000 ALTER TABLE `budget_item` ENABLE KEYS */;
UNLOCK TABLES;

--
-- Table structure for table `categories`
--

DROP TABLE IF EXISTS `categories`;
/*!40101 SET @saved_cs_client     = @@character_set_client */;
/*!40101 SET character_set_client = utf8 */;
CREATE TABLE `categories` (
  `id` int(10) unsigned NOT NULL AUTO_INCREMENT,
  `parent_id` int(10) unsigned DEFAULT NULL,
  `order` int(11) NOT NULL DEFAULT '1',
  `name` varchar(255) COLLATE utf8mb4_unicode_ci NOT NULL,
  `slug` varchar(255) COLLATE utf8mb4_unicode_ci NOT NULL,
  `created_at` timestamp NULL DEFAULT NULL,
  `updated_at` timestamp NULL DEFAULT NULL,
  PRIMARY KEY (`id`),
  UNIQUE KEY `categories_slug_unique` (`slug`),
  KEY `categories_parent_id_foreign` (`parent_id`),
  CONSTRAINT `categories_parent_id_foreign` FOREIGN KEY (`parent_id`) REFERENCES `categories` (`id`) ON DELETE SET NULL ON UPDATE CASCADE
) ENGINE=InnoDB AUTO_INCREMENT=3 DEFAULT CHARSET=utf8mb4 COLLATE=utf8mb4_unicode_ci;
/*!40101 SET character_set_client = @saved_cs_client */;

--
-- Dumping data for table `categories`
--

LOCK TABLES `categories` WRITE;
/*!40000 ALTER TABLE `categories` DISABLE KEYS */;
INSERT INTO `categories` VALUES (1,NULL,1,'Category 1','category-1','2020-11-23 14:35:39','2020-11-23 14:35:39'),(2,NULL,1,'Category 2','category-2','2020-11-23 14:35:39','2020-11-23 14:35:39');
/*!40000 ALTER TABLE `categories` ENABLE KEYS */;
UNLOCK TABLES;

--
-- Table structure for table `clinic_histories`
--

DROP TABLE IF EXISTS `clinic_histories`;
/*!40101 SET @saved_cs_client     = @@character_set_client */;
/*!40101 SET character_set_client = utf8 */;
CREATE TABLE `clinic_histories` (
  `id` bigint(20) unsigned NOT NULL AUTO_INCREMENT,
  `date` datetime NOT NULL,
  `consulting_room` int(11) DEFAULT NULL,
  `treatment` varchar(255) COLLATE utf8mb4_unicode_ci DEFAULT NULL,
  `doctor_id` int(11) DEFAULT NULL,
  `patient_id` int(11) DEFAULT NULL,
  `observations` text COLLATE utf8mb4_unicode_ci,
  `created_at` timestamp NULL DEFAULT NULL,
  `updated_at` timestamp NULL DEFAULT NULL,
  PRIMARY KEY (`id`)
) ENGINE=InnoDB AUTO_INCREMENT=203 DEFAULT CHARSET=utf8mb4 COLLATE=utf8mb4_unicode_ci;
/*!40101 SET character_set_client = @saved_cs_client */;

--
-- Dumping data for table `clinic_histories`
--

LOCK TABLES `clinic_histories` WRITE;
/*!40000 ALTER TABLE `clinic_histories` DISABLE KEYS */;
INSERT INTO `clinic_histories` VALUES (2,'2020-12-01 20:00:00',1,'Caries',6,4,'Resina Simple 1.8','2020-12-01 20:25:14','2020-12-03 23:07:41'),(3,'2020-12-03 23:00:00',1,'Caries',6,4,'Ionómero pieza 1.5','2020-12-03 23:03:52','2020-12-03 23:07:00'),(4,'2020-12-07 09:00:00',1,'Prótesis',6,6,'Impresión primaria','2020-12-07 14:56:15','2020-12-07 14:58:39'),(5,'2020-11-21 18:30:00',1,'Caries',6,7,'Resina 1.6','2020-12-08 14:30:08','2020-12-08 14:30:08'),(6,'2020-11-28 09:30:00',1,'Caries',6,7,'Resina 3.7','2020-12-08 14:34:47','2020-12-08 14:35:03'),(8,'2020-12-08 14:00:00',1,'Caries',6,7,'Resina 4.7','2020-12-08 14:56:39','2020-12-08 14:56:39'),(9,'2020-12-07 18:00:00',1,'Caries',6,4,'Resina pieza 3.7','2020-12-09 13:17:45','2020-12-09 13:18:01'),(10,'2020-12-09 08:00:00',1,'Diagnóstico y Prevención',6,4,'Destartaje','2020-12-09 13:42:37','2020-12-09 13:42:58'),(11,'2020-12-09 16:00:00',1,'Caries',6,8,'Resina 2.4','2020-12-09 17:28:12','2020-12-09 17:28:12'),(13,'2020-12-09 23:00:00',1,'Prótesis',6,5,'Tallado pieza 1.1','2020-12-10 22:29:24','2020-12-10 22:30:44'),(14,'2020-12-10 21:30:00',1,'Prótesis',6,5,'Tallado pieza 2.1','2020-12-10 22:31:18','2020-12-10 22:31:18'),(15,'2020-12-12 13:00:00',1,'Caries',6,8,'Resina 1.6','2020-12-12 14:06:32','2020-12-12 14:06:32'),(16,'2020-12-12 21:30:00',1,'Caries',6,4,'Resina 4.5','2020-12-12 22:28:00','2020-12-12 22:28:00'),(17,'2020-12-15 16:54:48',1,'Diagnóstico y Prevención',6,4,'Profilaxis','2020-12-15 16:55:03','2020-12-15 16:55:03'),(18,'2020-12-16 20:00:00',1,'Prótesis',6,5,'Tallado perno 1.1','2020-12-16 20:32:29','2020-12-16 20:32:29'),(19,'2020-12-21 19:56:56',1,'Prótesis',6,5,'Impresión 7 Coronas','2020-12-21 19:57:28','2020-12-21 19:57:28'),(20,'2021-01-02 14:41:56',1,'Caries',6,11,'Resina Simple 6.3','2021-01-02 14:42:25','2021-01-02 14:42:25'),(21,'2021-01-04 21:34:06',1,'Diagnóstico y Prevención',6,13,'Profilaxis','2021-01-04 21:34:34','2021-01-04 21:34:34'),(22,'2021-01-02 17:30:00',1,'Prótesis',6,5,'Prueba de cofias','2021-01-05 14:17:25','2021-01-05 14:17:25'),(23,'2021-01-07 16:00:00',1,'Caries',6,16,'Ionomero 2.7 - 4.6','2021-01-08 22:16:18','2021-01-08 22:16:18'),(25,'2021-01-07 17:00:00',1,'Diagnóstico y Prevención',6,17,'Destartaje','2021-01-08 22:17:59','2021-01-08 22:19:53'),(26,'2021-01-11 14:30:00',1,'Prótesis',6,18,'Perno de Fibra 3.6','2021-01-11 15:15:19','2021-01-11 15:15:19'),(27,'2021-01-13 21:00:00',1,'Prótesis',6,5,'Prueba de biscocho','2021-01-15 16:20:44','2021-01-15 16:20:44'),(28,'2021-01-15 15:30:00',1,'Diagnóstico y Prevención',6,19,'Consulta','2021-01-15 16:23:19','2021-01-15 16:25:15'),(29,'2021-01-12 22:00:00',1,'Prótesis',6,18,'Impresión incrustación Ceromero','2021-01-15 16:28:21','2021-01-15 16:28:21'),(30,'2021-01-13 20:00:00',1,'Prótesis',6,20,'Impresión incrustación 4.8','2021-01-16 17:53:44','2021-01-16 17:53:44'),(31,'2021-01-16 17:30:00',NULL,'Prótesis',6,20,'Cementado de incrustación Ceromero','2021-01-16 17:55:14','2021-01-16 17:55:14'),(32,'2021-01-18 16:30:00',1,'Prótesis',6,18,'tallado perno colado 2.6','2021-01-18 21:04:57','2021-01-18 21:06:27'),(33,'2021-01-18 17:30:00',1,'Prótesis',6,5,'Cementado coronas 1.2 1.1 2.1 2.2,  2.3-2.5-2.6, 3.5-3.7','2021-01-18 21:08:18','2021-01-18 21:08:18'),(34,'2021-02-06 16:00:00',1,'Prótesis',6,5,'Cementado completo','2021-02-06 17:02:21','2021-02-06 17:02:21'),(35,'2021-01-22 16:30:00',1,'Prótesis',6,2,'Preparación perno 1.5','2021-02-09 15:27:12','2021-02-09 15:32:41'),(36,'2021-01-26 16:30:00',1,'Prótesis',6,2,'Corona m/porcelana 1.5','2021-02-09 15:35:12','2021-02-09 15:36:01'),(37,'2020-11-02 14:00:00',1,'Caries',6,21,'Resinas 25 -  26 - 27','2021-02-09 15:51:34','2021-02-09 15:59:25'),(38,'2020-11-04 14:00:00',1,'Caries',6,21,'Resinas 35  - 36 - 37','2021-02-09 15:56:12','2021-02-09 15:59:09'),(39,'2020-11-05 19:00:00',1,'Caries',6,21,'Resina 45 - 46  -  47','2021-02-09 15:57:36','2021-02-09 15:58:20'),(40,'2020-11-10 19:00:00',1,'Caries',6,21,'Resina 1.5','2021-02-09 16:00:12','2021-02-09 16:00:12'),(41,'2020-11-12 19:00:00',1,'Caries',6,21,'Extracción 1.6','2021-02-09 16:01:47','2021-02-09 16:01:47'),(42,'2020-11-16 21:00:00',1,'Diagnóstico y Prevención',6,21,'Profilaxis','2021-02-09 16:02:50','2021-02-09 16:02:50'),(43,'2020-12-31 19:00:00',1,'Ortodoncia',6,21,'Control / Mensualidad Ortodoncia','2021-02-09 16:04:51','2021-02-09 16:04:51'),(44,'2021-01-30 14:00:00',1,'Ortodoncia',6,21,'Control / Mensualidad ortodoncia (2)','2021-02-09 16:06:22','2021-06-17 15:57:19'),(46,'2021-02-17 15:30:00',1,'Prótesis',6,18,'Cementado perno 2.6','2021-02-17 16:09:44','2021-02-17 16:09:44'),(47,'2021-02-20 15:41:04',1,'Caries',6,24,'Resina OM 1.6 -  Ionómero O 15 -  Ionómero V 2.6','2021-02-20 15:42:29','2021-02-20 15:42:29'),(48,'2021-02-12 16:00:00',1,'Endodoncia',8,23,'Consulta y radiografías','2021-02-26 14:59:48','2021-02-26 14:59:48'),(49,'2021-02-16 16:30:00',1,'Endodoncia',8,23,'Apertura medicación pieza 2.6','2021-02-26 15:03:43','2021-02-26 15:03:43'),(50,'2021-02-23 16:00:00',1,'Endodoncia',8,23,'Endodoncia pieza 2.6','2021-02-26 15:06:03','2021-02-26 15:06:03'),(51,'2021-02-24 20:30:00',1,'Endodoncia',6,23,'Apertura 2.5','2021-02-26 15:07:59','2021-02-26 15:07:59'),(52,'2021-02-05 16:00:00',1,'Endodoncia',8,22,'Apertura y medicación pieza 3.6','2021-02-27 15:25:05','2021-02-27 15:25:05'),(53,'2021-02-23 14:00:00',1,'Endodoncia',8,22,'Endodoncia pieza 3.6','2021-02-27 15:27:01','2021-02-27 15:27:01'),(54,'2021-02-27 14:00:00',1,'Caries',6,22,'Resina 3.6','2021-02-27 15:28:02','2021-02-27 15:28:02'),(55,'2021-02-27 15:42:33',1,'Ortodoncia',6,21,'Control mensualidad Febrero','2021-02-27 15:42:59','2021-02-27 15:42:59'),(58,'2021-03-03 09:30:00',1,'Endodoncia',8,23,'conometría y obturación de endodoncia. Pieza 26  p: 19mm v: 18.5 d 19mm','2021-03-03 15:59:45','2021-03-03 17:16:55'),(59,'2021-02-19 14:00:00',1,'Endodoncia',8,25,'Apertura endodoncia pieza 2.5','2021-03-03 17:26:40','2021-03-03 17:28:35'),(60,'2021-02-24 15:30:00',1,'Endodoncia',8,25,'Conductometria  11mm pieza 2.5','2021-03-03 17:30:28','2021-03-03 17:30:28'),(62,'2021-03-10 15:15:48',1,'Caries',6,25,'Resina 4.7','2021-03-10 15:16:12','2021-03-10 15:16:12'),(63,'2021-03-11 14:00:00',1,'Periodoncia',6,28,'Curetaje','2021-03-11 15:27:44','2021-03-11 15:27:44'),(64,'2021-03-09 21:00:00',1,'Caries',6,22,'Resina 4.6 - 4.7','2021-03-11 21:19:37','2021-03-11 21:19:37'),(65,'2021-03-11 20:00:00',1,'Caries',6,22,'Resina 1.1 - 2.1 / profilaxis','2021-03-11 21:20:55','2021-03-11 21:20:55'),(66,'2021-03-12 15:37:12',1,'Prótesis',6,23,'Tallado impresión incrustación','2021-03-12 15:38:21','2021-03-12 15:38:21'),(67,'2021-03-15 16:00:00',1,'Endodoncia',8,25,'desobturación, instrumentación\npieza:3-8','2021-03-15 17:35:37','2021-03-15 17:35:37'),(68,'2021-03-16 13:00:00',1,'Prótesis',6,23,'Cementación  incrustación de ceromero 2.6','2021-03-16 13:56:38','2021-03-16 13:59:05'),(69,'2021-03-15 17:00:00',1,'Caries',6,28,'Resina 1.5','2021-03-16 14:00:27','2021-03-22 16:29:05'),(70,'2021-03-17 14:00:00',1,'Caries',6,29,'Resina compleja 2.6','2021-03-17 15:36:12','2021-03-17 15:36:12'),(71,'2021-03-18 14:00:00',1,'Caries',6,22,'Resina simple 3.7','2021-03-18 15:09:26','2021-03-18 15:09:26'),(73,'2021-03-16 16:00:00',1,'Caries',6,28,'Resina 2.5','2021-03-22 16:27:12','2021-03-22 16:27:12'),(74,'2021-03-22 14:00:00',1,'Caries',6,28,'Resina 3.7','2021-03-22 16:28:29','2021-03-22 16:28:29'),(75,'2021-03-22 21:00:00',1,'Diagnóstico y Prevención',6,22,'Destartaje','2021-03-22 21:51:42','2021-03-22 21:51:42'),(76,'2021-03-16 23:00:00',1,'Caries',6,31,'Resinas 1.6 - 15','2021-03-22 23:33:19','2021-03-22 23:33:19'),(77,'2021-03-22 23:00:00',1,'Caries',6,31,'Resina 22 - 23','2021-03-22 23:36:17','2021-03-22 23:36:17'),(78,'2021-03-25 18:00:00',1,'Caries',6,31,'Resina 14 - 13 - 12','2021-03-25 23:49:42','2021-03-25 23:50:39'),(79,'2021-03-19 13:00:00',1,'Prótesis',6,23,'Impresión coronas','2021-03-26 14:28:02','2021-03-26 14:28:02'),(80,'2021-03-26 14:00:00',1,'Prótesis',6,23,'Prueba de cofia','2021-03-26 14:28:52','2021-03-26 14:28:52'),(81,'2021-03-29 14:00:00',1,'Caries',6,28,'Resina 1.2 1.1 2.1 2.2','2021-03-29 20:07:52','2021-03-29 20:07:52'),(82,'2020-11-07 19:00:00',1,'Caries',6,32,'Resinas','2021-03-29 21:03:46','2021-03-29 21:03:46'),(83,'2020-12-26 21:00:00',1,'Ortodoncia',6,32,'Control','2021-03-29 21:07:01','2021-03-29 21:07:01'),(84,'2021-01-30 21:00:00',1,'Ortodoncia',6,32,'control','2021-03-29 21:08:06','2021-03-29 21:08:06'),(85,'2021-02-28 21:00:00',1,'Ortodoncia',6,32,'control','2021-03-29 21:09:30','2021-03-29 21:09:30'),(86,'2021-03-29 23:00:00',1,'Caries',6,31,'Resina 2.4 2.5','2021-03-29 23:55:09','2021-03-29 23:55:09'),(87,'2021-04-05 13:00:00',1,'Prótesis',6,23,'Coronas 2.4 2.5','2021-04-05 16:45:21','2021-04-05 16:45:21'),(88,'2021-04-06 23:00:00',1,'Caries',6,31,'Resina 3.7 3.4','2021-04-07 00:12:28','2021-04-07 00:12:28'),(89,'2021-04-08 23:53:18',1,'Caries',6,31,'Resina 4.4 4.5','2021-04-08 23:53:51','2021-04-08 23:53:51'),(90,'2021-04-14 22:29:26',1,'Endodoncia',6,34,'Endodoncia 3.7','2021-04-14 22:30:03','2021-04-14 22:30:03'),(91,'2021-04-22 01:20:25',1,'Caries',6,36,'Resina 24 25','2021-04-22 16:20:28','2021-04-23 17:51:16'),(93,'2021-04-23 17:00:00',1,'Caries',6,36,'Resina 26 27','2021-04-23 17:50:25','2021-04-23 17:50:25'),(94,'2021-04-24 15:30:00',1,'Prótesis',6,18,'Corona 2.6','2021-04-24 15:54:40','2021-04-24 15:54:40'),(95,'2021-05-14 11:48:01',1,'Diagnóstico y Prevención',6,39,'Consulta','2021-05-14 16:48:51','2021-05-14 16:52:17'),(96,'2021-05-18 20:00:00',1,'Caries',6,39,'Resina 2.5 26','2021-05-18 21:18:25','2021-05-18 21:18:25'),(97,'2021-03-30 16:32:00',1,'Ortodoncia',6,32,'control','2021-05-21 21:32:47','2021-05-21 21:33:18'),(98,'2021-05-03 21:33:00',1,'Ortodoncia',6,32,'abril','2021-05-21 21:34:00','2021-05-21 21:34:00'),(99,'2021-05-28 15:00:00',1,'Caries',6,41,'Resina 1.6','2021-05-28 15:33:02','2021-06-02 21:43:31'),(101,'2021-04-27 23:00:00',1,'Ortodoncia',6,31,'Ortodoncia','2021-05-31 23:06:51','2021-05-31 23:06:51'),(102,'2021-05-31 23:21:47',1,'Ortodoncia',6,31,'Control Mayo','2021-05-31 23:23:08','2021-05-31 23:23:08'),(103,'2021-06-02 10:00:00',1,'Caries',6,42,'Resina 1.6','2021-06-02 16:07:02','2021-06-02 16:09:47'),(104,'2021-06-01 21:00:00',1,'Caries',6,41,'Resina 2.4 3.4 3.5','2021-06-02 21:44:48','2021-06-02 21:44:48'),(105,'2021-06-02 16:00:00',1,'Caries',6,41,'Resina 3.7','2021-06-02 21:45:45','2021-06-02 21:46:32'),(106,'2021-06-04 14:43:48',1,'Caries',6,42,'Resina 2.5 2.6','2021-06-04 14:44:54','2021-06-04 14:44:54'),(107,'2021-06-05 19:01:14',1,'Caries',6,41,'Resina 3.6 37','2021-06-05 19:01:41','2021-06-05 19:01:41'),(108,'2021-06-11 20:48:40',NULL,'Diagnóstico y Prevención',6,41,'Profilaxis','2021-06-11 20:49:00','2021-06-11 20:49:00'),(109,'2021-03-31 15:00:00',1,'Ortodoncia',6,21,'Ortodoncia Marzo','2021-06-17 15:58:48','2021-06-17 15:58:48'),(110,'2021-04-22 15:00:00',1,'Ortodoncia',6,21,'Ortodoncia abril','2021-06-17 15:59:58','2021-06-17 15:59:58'),(111,'2021-05-11 16:00:00',1,'Ortodoncia',6,21,'Ortodoncia Mayo','2021-06-17 16:01:11','2021-06-17 16:01:11'),(112,'2021-06-12 16:00:00',1,'Ortodoncia',6,21,'Ortodoncia junio','2021-06-17 16:02:50','2021-06-17 16:02:50'),(113,'2021-06-15 21:00:00',1,'Caries',6,46,'Ionomeros 13 14','2021-06-17 21:29:23','2021-06-17 21:29:23'),(114,'2021-06-17 16:00:00',1,'Caries',6,46,'Resina 2.6','2021-06-17 22:05:03','2021-06-17 22:07:35'),(115,'2021-06-21 23:00:00',1,'Caries',6,46,'Resina 4.6 ionómero 45 44','2021-06-24 00:34:29','2021-06-24 00:34:29'),(116,'2021-05-31 14:00:00',1,'Ortodoncia',6,32,'Control Mayo','2021-06-24 14:49:12','2021-06-24 14:49:12'),(118,'2021-05-28 16:00:00',1,'Diagnóstico y Prevención',6,39,'Cirugia','2021-07-09 16:44:46','2021-07-09 16:44:46'),(119,'2021-07-02 16:45:00',1,'Diagnóstico y Prevención',6,39,'Cirugía','2021-07-09 16:46:14','2021-07-09 16:46:14'),(120,'2021-07-09 16:46:41',1,'Diagnóstico y Prevención',6,39,'Destartaje Profilaxis','2021-07-09 16:47:04','2021-07-09 16:47:04'),(121,'2021-07-06 14:00:00',1,'Caries',6,48,'Restauracion 3.3 3.4','2021-07-12 20:56:06','2021-07-12 20:56:06'),(122,'2021-07-08 14:00:00',1,'Caries',6,48,'Restauracion 2.1','2021-07-12 20:59:33','2021-07-12 20:59:33'),(123,'2021-07-20 10:00:00',1,'Caries',6,48,'Restauración 36 37','2021-07-20 16:07:19','2021-08-03 15:45:39'),(124,'2021-07-27 15:45:47',1,'Caries',6,48,'Restauración 14 15','2021-07-27 15:46:14','2021-07-27 15:46:14'),(125,'2021-08-03 15:44:44',1,'Caries',6,48,'Restauración 2.4 2.5','2021-08-03 15:45:13','2021-08-03 15:45:13'),(126,'2021-08-05 15:58:47',1,'Caries',6,48,'tallado 1.6','2021-08-05 15:59:06','2021-08-05 15:59:06'),(127,'2021-08-10 15:49:39',1,'Caries',6,48,'Restauración 1.6 1.7','2021-08-10 15:50:15','2021-08-10 15:50:15'),(128,'2021-07-01 15:06:00',1,'Ortodoncia',6,32,'Control Junio','2021-08-11 15:07:03','2021-08-11 15:07:03'),(129,'2021-07-31 15:07:00',1,'Ortodoncia',6,32,'Control Julio','2021-08-11 15:08:09','2021-08-11 15:08:09'),(130,'2021-07-06 15:13:00',1,'Ortodoncia',6,21,'Control Julio','2021-08-11 15:20:01','2021-08-11 15:20:01'),(131,'2021-08-12 23:26:54',1,'Caries',6,48,'Tallado 4.6','2021-08-12 23:27:20','2021-08-12 23:27:20'),(132,'2021-08-13 15:36:30',1,'Diagnóstico y Prevención',6,49,'Destartaje','2021-08-13 15:36:56','2021-08-13 15:36:56'),(133,'2021-08-13 21:25:00',1,'Ortodoncia',6,21,'Control Agosto','2021-08-18 21:26:01','2021-08-18 21:26:01'),(134,'2021-08-19 15:25:00',1,'Caries',6,48,'Restauración Pieza 4.8 4.7','2021-08-24 15:26:24','2021-08-24 15:26:24'),(135,'2021-08-24 16:05:08',NULL,'Caries',6,48,'Restauracion 1.1 1.2','2021-08-24 16:05:34','2021-08-24 16:05:34'),(136,'2021-08-10 21:06:00',1,'Caries',6,52,'Medicación','2021-08-31 21:07:56','2021-08-31 21:07:56'),(137,'2021-08-21 21:10:00',1,'Caries',6,52,'Impresión perno 1.6','2021-08-31 21:11:03','2021-08-31 21:11:03'),(138,'2021-08-31 16:11:44',1,'Prótesis',6,52,'Cementado perno 1.6','2021-08-31 21:12:00','2021-08-31 21:12:52'),(139,'2021-09-01 14:47:36',1,'Diagnóstico y Prevención',6,53,'Consulta','2021-09-01 14:49:07','2021-09-01 14:49:07'),(140,'2021-09-01 15:40:11',1,'Diagnóstico y Prevención',6,54,'Consulta','2021-09-01 15:40:25','2021-09-01 15:40:25'),(141,'2021-09-01 11:16:58',1,'Ortodoncia',6,32,'Control Agosto','2021-09-02 17:23:18','2021-09-02 21:09:30'),(142,'2021-09-01 21:10:00',1,'Ortodoncia',6,21,'Control Setiembre','2021-09-02 21:10:37','2021-09-02 21:10:37'),(143,'2021-09-03 15:21:36',1,'Diagnóstico y Prevención',6,55,'Consulta','2021-09-03 15:21:53','2021-09-03 15:21:53'),(144,'2021-09-06 15:01:52',1,'Caries',6,53,'Resina 2.7','2021-09-06 15:02:12','2021-09-06 15:02:12'),(145,'2021-09-06 21:51:29',1,'Diagnóstico y Prevención',6,56,'Consulta','2021-09-06 21:51:44','2021-09-06 21:51:44'),(146,'2021-09-07 16:40:45',1,'Caries',6,55,'Resina 1,2','2021-09-07 16:41:04','2021-09-07 16:41:04'),(147,'2021-09-08 14:17:37',1,'Diagnóstico y Prevención',6,57,'Consulta','2021-09-08 14:17:53','2021-09-08 14:17:53'),(148,'2021-09-09 17:23:03',1,'Caries',6,58,'Ionomero 3.7','2021-09-09 17:23:25','2021-09-09 17:23:25'),(149,'2021-09-10 22:35:29',1,'Prótesis',6,18,'Impresión perno 1.5','2021-09-10 22:35:53','2021-09-10 22:35:53'),(150,'2021-09-08 17:27:00',1,'Caries',6,56,'Restauración 12.4','2021-09-15 22:28:18','2021-09-27 23:26:46'),(151,'2021-09-15 22:29:08',1,'Caries',6,56,'Apertura 3.7','2021-09-15 22:29:31','2021-09-15 22:29:31'),(152,'2021-09-15 19:37:25',1,'Diagnóstico y Prevención',6,61,'Consulta','2021-09-16 00:38:25','2021-09-16 00:40:23'),(153,'2021-09-10 11:43:00',1,'Caries',6,55,'Resina 2.2 2.4','2021-09-21 16:43:50','2021-09-21 16:44:56'),(154,'2021-09-21 16:45:02',1,'Caries',6,55,'Resina 3.5','2021-09-21 16:45:22','2021-09-21 16:45:22'),(155,'2021-09-21 20:57:11',1,'Prótesis',6,52,'Cementado corona 1.6','2021-09-21 20:57:49','2021-09-21 20:57:49'),(156,'2021-09-20 23:27:00',1,'Endodoncia',8,56,'Endodoncia 3.7','2021-09-27 23:27:43','2021-09-27 23:27:43'),(157,'2021-09-27 23:28:14',1,'Caries',6,56,'Resina 3.7','2021-09-27 23:28:30','2021-09-27 23:28:30'),(158,'2021-09-28 17:13:25',1,'Caries',6,58,'Resina 2.1','2021-09-28 17:13:50','2021-09-28 17:13:50'),(159,'2021-09-28 17:17:59',1,'Caries',6,65,'Resina 1.4 1.5','2021-09-28 17:18:31','2021-09-28 17:18:31'),(160,'2021-09-28 21:00:04',1,'Prótesis',6,52,'Perno 4.7','2021-09-28 21:00:35','2021-09-28 21:00:35'),(161,'2021-10-09 14:33:46',1,'Prótesis',6,52,'Prueba pieza 4.7','2021-10-09 14:35:26','2021-10-09 14:35:26'),(162,'2021-10-13 17:08:13',1,'Prótesis',6,18,'Corona porcelana 1.5','2021-10-13 17:08:30','2021-10-13 17:08:30'),(163,'2021-10-15 16:48:26',1,'Caries',6,55,'Resina 4.7','2021-10-15 16:48:48','2021-10-15 16:48:48'),(164,'2021-10-01 17:51:00',1,'Caries',6,56,'Resina 3.4 3.6','2021-10-22 22:52:35','2021-11-02 22:28:10'),(165,'2021-10-06 22:52:00',1,'Caries',6,56,'Resina 3.5','2021-10-22 22:53:16','2021-10-22 22:53:16'),(166,'2021-10-22 22:53:30',1,'Caries',6,56,'Resina 2.2 2.3','2021-10-22 22:53:57','2021-10-22 22:53:57'),(167,'2021-05-13 16:41:00',1,'Prótesis',6,27,'Extracción','2021-10-28 16:43:06','2021-10-28 16:43:06'),(169,'2021-05-20 11:44:00',1,'Prótesis',6,27,'Extracción','2021-10-28 16:45:09','2021-12-13 16:40:19'),(170,'2021-11-02 22:29:25',1,'Diagnóstico y Prevención',6,56,'Limpieza / Pulidos','2021-11-02 22:29:45','2021-11-02 22:29:45'),(171,'2021-10-01 22:40:00',1,'Ortodoncia',6,32,'Control Setiembre','2021-11-02 22:41:12','2021-11-02 22:41:12'),(172,'2021-11-02 22:41:00',1,'Ortodoncia',6,32,'Control Octubre','2021-11-02 22:42:09','2021-11-02 22:42:09'),(173,'2021-11-02 22:43:46',1,'Ortodoncia',6,21,'Control Octubre','2021-11-02 22:44:07','2021-11-02 22:44:07'),(174,'2021-10-11 22:43:00',1,'Endodoncia',8,61,'Endodoncia 4.4','2021-11-10 22:43:43','2021-11-10 22:43:43'),(175,'2021-10-14 22:44:00',1,'Caries',6,61,'Resina 4.4','2021-11-10 22:44:44','2021-11-10 22:44:44'),(176,'2021-10-22 22:45:00',1,'Prótesis',6,61,'Tallado e impresión','2021-11-10 22:45:54','2021-11-10 22:45:54'),(177,'2021-10-27 22:46:00',1,'Prótesis',6,61,'Prueba de cofia','2021-11-10 22:46:59','2021-11-10 22:46:59'),(178,'2021-11-03 22:47:00',1,'Prótesis',6,61,'Prueba de bizcocho','2021-11-10 22:47:55','2021-11-10 22:47:55'),(179,'2021-11-11 17:53:28',1,'Diagnóstico y Prevención',6,55,'profilaxis','2021-11-11 17:53:48','2021-11-11 17:53:48'),(180,'2021-11-22 16:08:00',1,'Caries',6,72,'Resina 27','2021-11-27 16:08:43','2021-11-27 16:08:43'),(181,'2021-11-25 16:10:00',1,'Caries',6,72,'Resina 36','2021-11-27 16:11:25','2021-11-27 16:11:25'),(182,'2021-11-27 16:12:54',1,'Caries',6,72,'Extracción','2021-11-27 16:14:06','2021-11-27 16:14:06'),(183,'2021-12-07 14:13:55',1,'Prótesis',6,61,'Cementado puente','2021-12-07 14:15:38','2021-12-07 14:15:38'),(184,'2021-12-10 00:27:13',1,'Prótesis',6,61,'CONTROL','2021-12-10 00:27:26','2021-12-10 00:27:26'),(185,'2022-01-06 00:26:08',1,'Caries',6,61,'Resina 1.4 1.5','2022-01-06 00:26:34','2022-01-06 00:26:34'),(186,'2022-01-18 21:34:52',1,'Prótesis',6,78,'Incrustación 2.6','2022-01-18 21:35:13','2022-01-18 21:35:13'),(187,'2022-01-26 23:22:10',1,'Caries',6,61,'Restauración 37','2022-01-26 23:22:37','2022-01-26 23:22:37'),(188,'2022-02-07 23:51:35',1,'Prótesis',6,79,'Consulta','2022-02-07 23:51:53','2022-02-07 23:51:53'),(189,'2022-02-09 23:51:22',1,'Caries',NULL,80,'Consulta','2022-02-09 23:51:42','2022-02-09 23:51:42'),(190,'2021-12-01 22:15:00',1,'Ortodoncia',6,32,'Control Noviembre','2022-02-22 22:16:22','2022-02-22 22:17:17'),(191,'2022-01-04 22:17:00',1,'Ortodoncia',6,32,'Control Diciembre','2022-02-22 22:18:11','2022-02-22 22:18:11'),(192,'2022-02-08 22:18:00',1,'Ortodoncia',6,32,'Control Enero','2022-02-22 22:19:03','2022-02-22 22:19:03'),(193,'2022-03-16 00:26:36',1,'Prótesis',6,79,'Provisionales','2022-03-16 00:27:05','2022-03-16 00:27:05'),(194,'2022-04-12 16:01:05',NULL,'Endodoncia',NULL,76,NULL,'2022-04-12 16:01:37','2022-04-12 16:01:37'),(195,'2022-03-09 00:42:00',1,'Implantes',6,78,'Cirugía de implantes','2022-04-20 00:42:48','2022-04-20 00:42:48'),(196,'2022-03-24 00:43:00',1,'Implantes',6,78,'control','2022-04-20 00:44:57','2022-04-20 00:44:57'),(200,'2022-05-06 14:56:32',NULL,'Endodoncia',NULL,86,NULL,'2022-05-06 14:56:35','2022-05-06 14:56:35'),(201,'2022-04-04 23:32:00',1,'Prótesis',6,79,'coronas','2022-05-23 23:32:40','2022-05-23 23:33:14'),(202,'2022-05-23 23:33:53',1,'Prótesis',6,79,'PROTESIS','2022-05-23 23:34:24','2022-05-23 23:34:24');
/*!40000 ALTER TABLE `clinic_histories` ENABLE KEYS */;
UNLOCK TABLES;

--
-- Table structure for table `consulting_room`
--

DROP TABLE IF EXISTS `consulting_room`;
/*!40101 SET @saved_cs_client     = @@character_set_client */;
/*!40101 SET character_set_client = utf8 */;
CREATE TABLE `consulting_room` (
  `id` bigint(20) unsigned NOT NULL AUTO_INCREMENT,
  `name` varchar(255) COLLATE utf8mb4_unicode_ci NOT NULL,
  `in_charge_name` varchar(255) COLLATE utf8mb4_unicode_ci NOT NULL,
  `in_charge_last_name` varchar(255) COLLATE utf8mb4_unicode_ci NOT NULL,
  `start_time` varchar(255) COLLATE utf8mb4_unicode_ci NOT NULL,
  `end_time` varchar(255) COLLATE utf8mb4_unicode_ci NOT NULL,
  `created_at` timestamp NULL DEFAULT NULL,
  `updated_at` timestamp NULL DEFAULT NULL,
  PRIMARY KEY (`id`)
) ENGINE=InnoDB AUTO_INCREMENT=2 DEFAULT CHARSET=utf8mb4 COLLATE=utf8mb4_unicode_ci;
/*!40101 SET character_set_client = @saved_cs_client */;

--
-- Dumping data for table `consulting_room`
--

LOCK TABLES `consulting_room` WRITE;
/*!40000 ALTER TABLE `consulting_room` DISABLE KEYS */;
INSERT INTO `consulting_room` VALUES (1,'Consultorio 1','Rioja','Daza','9.00','20.00','2020-11-25 17:37:22','2020-11-25 17:37:22');
/*!40000 ALTER TABLE `consulting_room` ENABLE KEYS */;
UNLOCK TABLES;

--
-- Table structure for table `data_rows`
--

DROP TABLE IF EXISTS `data_rows`;
/*!40101 SET @saved_cs_client     = @@character_set_client */;
/*!40101 SET character_set_client = utf8 */;
CREATE TABLE `data_rows` (
  `id` int(10) unsigned NOT NULL AUTO_INCREMENT,
  `data_type_id` int(10) unsigned NOT NULL,
  `field` varchar(255) COLLATE utf8mb4_unicode_ci NOT NULL,
  `type` varchar(255) COLLATE utf8mb4_unicode_ci NOT NULL,
  `display_name` varchar(255) COLLATE utf8mb4_unicode_ci NOT NULL,
  `required` tinyint(1) NOT NULL DEFAULT '0',
  `browse` tinyint(1) NOT NULL DEFAULT '1',
  `read` tinyint(1) NOT NULL DEFAULT '1',
  `edit` tinyint(1) NOT NULL DEFAULT '1',
  `add` tinyint(1) NOT NULL DEFAULT '1',
  `delete` tinyint(1) NOT NULL DEFAULT '1',
  `details` text COLLATE utf8mb4_unicode_ci,
  `order` int(11) NOT NULL DEFAULT '1',
  PRIMARY KEY (`id`),
  KEY `data_rows_data_type_id_foreign` (`data_type_id`),
  CONSTRAINT `data_rows_data_type_id_foreign` FOREIGN KEY (`data_type_id`) REFERENCES `data_types` (`id`) ON DELETE CASCADE ON UPDATE CASCADE
) ENGINE=InnoDB AUTO_INCREMENT=149 DEFAULT CHARSET=utf8mb4 COLLATE=utf8mb4_unicode_ci;
/*!40101 SET character_set_client = @saved_cs_client */;

--
-- Dumping data for table `data_rows`
--

LOCK TABLES `data_rows` WRITE;
/*!40000 ALTER TABLE `data_rows` DISABLE KEYS */;
INSERT INTO `data_rows` VALUES (1,1,'id','number','ID',1,0,0,0,0,0,NULL,1),(2,1,'name','text','Nombre',1,1,1,1,1,1,NULL,2),(3,1,'last_name','text','Apellidos',0,0,1,1,1,1,NULL,3),(4,1,'document_number','text','Numero de Documento',0,1,1,1,1,1,NULL,4),(5,1,'email','text','Correo Electrónico',1,1,1,1,1,1,NULL,5),(6,1,'username','text','Usuario',1,1,1,1,1,1,'\"{\\\"validation\\\":{\\\"rule\\\":\\\"unique:tenant.users,username\\\",\\\"messages\\\":{\\\"unique\\\":\\\"Please use an unique username.\\\"}}}\"',6),(7,1,'password','password','Contraseña',1,0,0,1,1,0,NULL,7),(8,1,'phone_number','text','Telefono',0,0,1,1,1,1,NULL,5),(9,1,'remember_token','text','Token de Recuerdo',0,0,0,0,0,0,NULL,8),(10,1,'created_at','timestamp','Creado',0,1,1,0,0,0,NULL,9),(11,1,'updated_at','timestamp','Actualizado',0,0,0,0,0,0,NULL,10),(12,1,'avatar','image','Imagen',0,0,1,1,1,1,NULL,8),(13,1,'user_belongsto_role_relationship','relationship','Rol',0,1,1,1,1,0,'{\"model\":\"App\\\\Role\",\"table\":\"roles\",\"type\":\"belongsTo\",\"column\":\"role_id\",\"key\":\"id\",\"label\":\"display_name\",\"pivot_table\":\"roles\",\"pivot\":0,\"scope\":\"rolesOnlyAdmin\"}',10),(14,1,'user_belongstomany_role_relationship','relationship','Roles',0,0,0,0,0,0,'{\"model\":\"TCG\\\\Voyager\\\\Models\\\\Role\",\"table\":\"roles\",\"type\":\"belongsToMany\",\"column\":\"id\",\"key\":\"id\",\"label\":\"display_name\",\"pivot_table\":\"user_roles\",\"pivot\":\"1\",\"taggable\":\"0\"}',11),(15,1,'locale','text','Locale',0,0,0,0,0,0,NULL,12),(16,1,'specialities','select_dropdown','Especialidad',0,0,1,1,1,1,'{\"default\":\"DRAFT\",\"options\":{\"Rehabilitaci\\u00f3n oral\":\"Rehabilitaci\\u00f3n oral\",\"Periodoncia\":\"Periodoncia\",\"Endodoncia\":\"Endodoncia\",\"Odontopediatr\\u00eda\":\"Odontopediatr\\u00eda\",\"Ortodoncia\":\"Ortodoncia\",\"Implantolog\\u00eda\":\"Implantolog\\u00eda\",\"Odontolog\\u00eda est\\u00e9tica\":\"Odontolog\\u00eda est\\u00e9tica\",\"Odontolog\\u00eda preventiva\":\"Odontolog\\u00eda preventiva\",\"Cariolog\\u00eda\":\"Cariolog\\u00eda\",\"Cirug\\u00eda\":\"Cirug\\u00eda\"}}',11),(17,1,'settings','hidden','Settings',0,0,0,0,0,0,NULL,12),(18,2,'id','number','ID',1,0,0,0,0,0,NULL,1),(19,2,'name','text','Nombre',1,1,1,1,1,1,NULL,2),(20,2,'created_at','timestamp','Creado',0,0,0,0,0,0,NULL,3),(21,2,'updated_at','timestamp','Actualizado',0,0,0,0,0,0,NULL,4),(22,3,'id','number','ID',1,0,0,0,0,0,NULL,1),(23,3,'name','text','Nombre',1,1,1,1,1,1,NULL,2),(24,3,'created_at','timestamp','Creado',0,0,0,0,0,0,NULL,3),(25,3,'updated_at','timestamp','Actualizado',0,0,0,0,0,0,NULL,4),(26,3,'display_name','text','Nombre a Mostrar',1,1,1,1,1,1,NULL,5),(27,1,'role_id','text','Rol',1,1,1,1,1,1,NULL,9),(28,4,'id','number','ID',1,0,0,0,0,0,NULL,1),(29,4,'parent_id','select_dropdown','Padre',0,0,1,1,1,1,'{\"default\":\"\",\"null\":\"\",\"options\":{\"\":\"-- None --\"},\"relationship\":{\"key\":\"id\",\"label\":\"name\"}}',2),(30,4,'order','text','Orden',1,1,1,1,1,1,'{\"default\":1}',3),(31,4,'name','text','Nombre',1,1,1,1,1,1,NULL,4),(32,4,'slug','text','Slug',1,1,1,1,1,1,'{\"slugify\":{\"origin\":\"name\"}}',5),(33,4,'created_at','timestamp','Creado',0,0,1,0,0,0,NULL,6),(34,4,'updated_at','timestamp','Actualizado',0,0,0,0,0,0,NULL,7),(35,5,'id','number','ID',1,0,0,0,0,0,NULL,1),(36,5,'author_id','text','Autor',1,0,1,1,0,1,NULL,2),(37,5,'category_id','text','Categoría',1,0,1,1,1,0,NULL,3),(38,5,'title','text','Título',1,1,1,1,1,1,NULL,4),(39,5,'excerpt','text_area','Extracto',1,0,1,1,1,1,NULL,5),(40,5,'body','rich_text_box','Cuerpo',1,0,1,1,1,1,NULL,6),(41,5,'image','image','Imagen del Post',0,1,1,1,1,1,'{\"resize\":{\"width\":\"1000\",\"height\":\"null\"},\"quality\":\"70%\",\"upsize\":true,\"thumbnails\":[{\"name\":\"medium\",\"scale\":\"50%\"},{\"name\":\"small\",\"scale\":\"25%\"},{\"name\":\"cropped\",\"crop\":{\"width\":\"300\",\"height\":\"250\"}}]}',7),(42,5,'slug','text','Slug',1,0,1,1,1,1,'{\"slugify\":{\"origin\":\"title\",\"forceUpdate\":true},\"validation\":{\"rule\":\"unique:posts,slug\"}}',8),(43,5,'meta_description','text_area','Meta Descripción',1,0,1,1,1,1,NULL,9),(44,5,'meta_keywords','text_area','Meta Palabras Clave',1,0,1,1,1,1,NULL,10),(45,5,'status','select_dropdown','Estatus',1,1,1,1,1,1,'{\"default\":\"DRAFT\",\"options\":{\"PUBLISHED\":\"published\",\"DRAFT\":\"draft\",\"PENDING\":\"pending\"}}',11),(46,5,'created_at','timestamp','Creado',0,1,1,0,0,0,NULL,12),(47,5,'updated_at','timestamp','Actualizado',0,0,0,0,0,0,NULL,13),(48,5,'seo_title','text','Título SEO',0,1,1,1,1,1,NULL,14),(49,5,'featured','checkbox','Destacado',1,1,1,1,1,1,NULL,15),(50,6,'id','number','ID',1,0,0,0,0,0,NULL,1),(51,6,'author_id','text','Autor',1,0,0,0,0,0,NULL,2),(52,6,'title','text','Título',1,1,1,1,1,1,NULL,3),(53,6,'excerpt','text_area','Extracto',1,0,1,1,1,1,NULL,4),(54,6,'body','rich_text_box','Cuerpo',1,0,1,1,1,1,NULL,5),(55,6,'slug','text','Slug',1,0,1,1,1,1,'{\"slugify\":{\"origin\":\"title\"},\"validation\":{\"rule\":\"unique:pages,slug\"}}',6),(56,6,'meta_description','text','Meta Descripción',1,0,1,1,1,1,NULL,7),(57,6,'meta_keywords','text','Meta Palabras Clave',1,0,1,1,1,1,NULL,8),(58,6,'status','select_dropdown','Estatus',1,1,1,1,1,1,'{\"default\":\"INACTIVE\",\"options\":{\"INACTIVE\":\"INACTIVE\",\"ACTIVE\":\"ACTIVE\"}}',9),(59,6,'created_at','timestamp','Creado',1,1,1,0,0,0,NULL,10),(60,6,'updated_at','timestamp','Actualizado',1,0,0,0,0,0,NULL,11),(61,6,'image','image','Imagen de la página',0,1,1,1,1,1,NULL,12),(62,7,'id','number','id',1,0,0,0,0,0,NULL,1),(63,7,'name','text','Nombres',1,1,1,1,1,1,NULL,4),(64,7,'last_name','text','Apellidos',1,1,1,1,1,1,NULL,4),(65,7,'document_type','select_dropdown','Tipo de Documento',0,0,1,1,1,1,'{\"default\":\"DNI\",\"options\":{\"DNI\":\"DNI\",\"Pasaporte\":\"Pasaporte\",\"C\\/E\":\"C\\/E\"}}',11),(66,7,'document_number','text','Número de Documento',1,1,1,1,1,1,'{\"validation\":{\"rule\":\"unique:patients,document_number\"}}',4),(67,7,'diseases','text','Enfermedades',0,0,1,1,1,1,NULL,4),(68,7,'avatar','image','Avatar',0,0,1,1,1,1,NULL,4),(69,7,'phone_number','text','seeders.data_rows.phone_number',1,1,1,1,1,1,NULL,4),(70,7,'email','text','Email',1,0,1,1,1,1,NULL,4),(71,7,'birthdate','text','Fecha de Nacimiento',1,0,1,1,1,1,NULL,4),(72,7,'in_charge_name','text','Nombre del tutor',0,0,1,1,1,1,NULL,4),(73,7,'state','text','Estado',0,1,1,1,1,1,NULL,4),(74,7,'odontograma','text','Odontograma',0,0,1,1,1,1,NULL,4),(75,7,'created_at','text','Creado',0,0,0,0,0,0,NULL,5),(76,7,'updated_at','text','Actualizado',0,0,0,0,0,0,NULL,5),(77,8,'id','number','id',1,0,0,0,0,0,NULL,1),(78,8,'company','text','Empresa',1,1,1,1,1,1,NULL,4),(79,8,'contact_name','text','Nombre del contacto',1,1,1,1,1,1,NULL,4),(80,8,'payment_method','text','Forma de Pago',1,1,1,1,1,1,NULL,4),(81,8,'created_at','text','Creado',0,0,0,0,0,0,NULL,5),(82,8,'updated_at','text','Actualizado',0,0,0,0,0,0,NULL,5),(83,9,'id','number','id',1,0,0,0,0,0,NULL,1),(84,9,'name','text','Nombres',1,1,1,1,1,1,NULL,4),(85,9,'company_name','text','Empresa',1,1,1,1,1,1,NULL,4),(86,9,'discount','text','Descuento',1,1,1,1,1,1,NULL,4),(87,9,'state','text','Estado',1,1,1,1,1,1,NULL,4),(88,9,'created_at','text','Creado',0,0,0,0,0,0,NULL,5),(89,9,'updated_at','text','Actualizado',0,0,0,0,0,0,NULL,5),(90,10,'id','number','id',1,0,0,0,0,0,NULL,1),(91,10,'name','text','Nombres',1,1,1,1,1,1,NULL,4),(92,10,'brand_name','text','Marca',1,1,1,1,1,1,NULL,4),(93,10,'quantity','text','Cantidad',1,1,1,1,1,1,NULL,4),(94,10,'unit','text','Unidad',1,1,1,1,1,1,NULL,4),(95,10,'consulting_room','text','Consultorio',1,0,1,1,1,1,NULL,4),(96,10,'product_belonsto_consulting_room_relationship','relationship','Consultorio',0,1,1,1,1,1,'{\"model\":\"App\\\\ConsultingRoom\",\"table\":\"consulting_room\",\"type\":\"belongsTo\",\"column\":\"consulting_room\",\"key\":\"id\",\"label\":\"name\",\"pivot_table\":\"consulting_room\",\"pivot\":0}',10),(97,10,'created_at','text','Creado',0,0,0,0,0,0,NULL,5),(98,10,'updated_at','text','Actualizado',0,0,0,0,0,0,NULL,5),(99,11,'id','number','id',1,0,0,0,0,0,NULL,1),(100,11,'name','text','Nombres',1,1,1,1,1,1,NULL,4),(101,11,'in_charge_name','text','Nombre del tutor',1,1,1,1,1,1,NULL,4),(102,11,'in_charge_last_name','text','Apellido  del tutor',1,1,1,1,1,1,NULL,4),(103,11,'start_time','text','Hora de Inicio',1,1,1,1,1,1,NULL,4),(104,11,'end_time','text','Hora Fin',1,1,1,1,1,1,NULL,4),(105,11,'created_at','text','Creado',0,0,0,0,0,0,NULL,5),(106,11,'updated_at','text','Actualizado',0,0,0,0,0,0,NULL,5),(107,12,'id','number','id',1,0,0,0,0,0,NULL,1),(108,12,'start_date','date','Fecha de Inicio',1,1,1,1,1,1,NULL,4),(109,12,'patient_id','text','Paciente',1,0,1,1,1,1,NULL,4),(110,12,'appointment_belonsto_patient_relationship','relationship','Paciente',0,1,1,1,1,1,'{\"model\":\"App\\\\Patient\",\"table\":\"patients\",\"type\":\"belongsTo\",\"column\":\"patient_id\",\"key\":\"id\",\"label\":\"display_name\",\"pivot_table\":\"patients\",\"pivot\":0}',10),(111,12,'consulting_room_id','text','seeders.data_rows.consulting_room_id',1,0,1,1,1,1,NULL,4),(112,12,'appointment_belonsto_consulting_room_relationship','relationship','Consultorio',0,1,1,1,1,1,'{\"model\":\"App\\\\ConsultingRoom\",\"table\":\"consulting_room\",\"type\":\"belongsTo\",\"column\":\"consulting_room_id\",\"key\":\"id\",\"label\":\"name\",\"pivot_table\":\"consulting_room\",\"pivot\":0}',10),(113,12,'reason','text','Motivo',1,1,1,1,1,1,NULL,4),(114,12,'speciality','text','Especialidad',1,1,1,1,1,1,NULL,4),(115,12,'created_at','text','Creado',0,0,0,0,0,0,NULL,5),(116,12,'updated_at','text','Actualizado',0,0,0,0,0,0,NULL,5),(117,13,'id','number','id',1,0,0,0,0,0,'{}',1),(118,13,'date','date','Fecha',1,1,1,1,1,1,'{}',4),(119,13,'consulting_room','number','Consultorio',0,0,1,1,1,1,'{}',4),(120,13,'clinic_history_belonsto_consulting_room_relationship','relationship','Consultorio',0,1,1,1,1,1,'{\"model\":\"App\\\\ConsultingRoom\",\"table\":\"consulting_room\",\"type\":\"belongsTo\",\"column\":\"consulting_room\",\"key\":\"id\",\"label\":\"display_name\",\"pivot_table\":\"consulting_room\",\"pivot\":\"0\",\"taggable\":\"0\"}',10),(121,13,'doctor_id','number','seeders.data_rows.doctor_id',0,0,1,1,1,1,'{}',4),(122,13,'clinic_history_belonsto_doctor_relationship','relationship','Doctor',0,1,1,1,1,1,'{\"scope\":\"doctor\",\"model\":\"App\\\\User\",\"table\":\"users\",\"type\":\"belongsTo\",\"column\":\"doctor_id\",\"key\":\"id\",\"label\":\"display_name\",\"pivot_table\":\"users\",\"pivot\":\"0\",\"taggable\":\"0\"}',10),(123,13,'patient_id','number','seeders.data_rows.patient_id',0,0,1,1,1,1,'{}',4),(124,13,'clinic_history_belonsto_patient_relationship','relationship','Paciente',0,1,1,1,1,1,'{\"model\":\"App\\\\Patients\",\"table\":\"patients\",\"type\":\"belongsTo\",\"column\":\"patient_id\",\"key\":\"id\",\"label\":\"name\",\"pivot_table\":\"patients\",\"pivot\":\"0\",\"taggable\":\"0\"}',10),(125,13,'clinic_history_hasone_budget_relationship','relationship','seeders.data_rows.budget',0,1,1,1,1,1,'{\"model\":\"App\\\\Budget\",\"table\":\"budget\",\"type\":\"hasOne\",\"column\":\"clinic_history\",\"key\":\"id\",\"label\":\"json\",\"pivot_table\":\"agreements\",\"pivot\":\"0\",\"taggable\":\"0\"}',11),(126,13,'treatment','text','Tratamiento',0,1,1,1,1,1,'{}',4),(127,13,'observations','text_area','Observaciones',0,1,1,1,1,1,'{}',4),(128,13,'created_at','timestamp','Creado',0,0,0,0,0,0,'{}',5),(129,13,'updated_at','timestamp','Actualizado',0,0,0,0,0,0,'{}',5),(130,14,'id','number','id',1,0,0,0,0,0,NULL,1),(131,14,'budget','number','seeders.data_rows.budget',1,0,1,1,1,1,NULL,4),(132,14,'budget_item_belonsto_budget_relationship','relationship','seeders.data_rows.budget',0,1,1,1,1,1,'{\"model\":\"App\\\\Budget\",\"table\":\"budget\",\"type\":\"belongsTo\",\"column\":\"budget\",\"key\":\"id\",\"label\":\"name\",\"pivot_table\":\"budget\",\"pivot\":0}',10),(133,14,'quantity','text','Cantidad',1,1,1,1,1,1,NULL,4),(134,14,'detail_treatment','text','seeders.data_rows.detail_treatment',1,1,1,1,1,1,NULL,4),(135,14,'price','text','seeders.data_rows.price',1,1,1,1,1,1,NULL,4),(136,14,'created_at','text','Creado',0,0,0,0,0,0,NULL,5),(137,14,'updated_at','text','Actualizado',0,0,0,0,0,0,NULL,5),(138,15,'id','number','id',1,0,0,0,0,0,NULL,1),(139,15,'code_budget','text','seeders.data_rows.code_budget',1,1,1,1,1,1,NULL,4),(140,15,'total','text','seeders.data_rows.total',1,1,1,1,1,1,NULL,4),(141,15,'balance','text','seeders.data_rows.balance',1,1,1,1,1,1,NULL,4),(142,15,'partial_payment','text','seeders.data_rows.partial_payment',1,1,1,1,1,1,NULL,4),(143,15,'clinic_history','number','seeders.data_rows.clinic_history',1,0,1,1,1,1,NULL,4),(144,15,'budget_belonsto_clinic_history_relationship','relationship','seeders.data_rows.clinic_history',0,1,1,1,1,1,'{\"model\":\"App\\\\ClinicHistories\",\"table\":\"clinic_history\",\"type\":\"belongsTo\",\"column\":\"clinic_history\",\"key\":\"id\",\"label\":\"name\",\"pivot_table\":\"clinic_history\",\"pivot\":0}',10),(145,15,'agreement','number','seeders.data_rows.agreement',1,0,1,1,1,1,NULL,4),(146,15,'budget_belonsto_agreement_relationship','relationship','seeders.data_rows.agreement',0,1,1,1,1,1,'{\"model\":\"App\\\\Agreements\",\"table\":\"agreements\",\"type\":\"belongsTo\",\"column\":\"agreements\",\"key\":\"id\",\"label\":\"name\",\"pivot_table\":\"agreements\",\"pivot\":0}',10),(147,15,'created_at','text','Creado',0,0,0,0,0,0,NULL,5),(148,15,'updated_at','text','Actualizado',0,0,0,0,0,0,NULL,5);
/*!40000 ALTER TABLE `data_rows` ENABLE KEYS */;
UNLOCK TABLES;

--
-- Table structure for table `data_types`
--

DROP TABLE IF EXISTS `data_types`;
/*!40101 SET @saved_cs_client     = @@character_set_client */;
/*!40101 SET character_set_client = utf8 */;
CREATE TABLE `data_types` (
  `id` int(10) unsigned NOT NULL AUTO_INCREMENT,
  `name` varchar(255) COLLATE utf8mb4_unicode_ci NOT NULL,
  `slug` varchar(255) COLLATE utf8mb4_unicode_ci NOT NULL,
  `display_name_singular` varchar(255) COLLATE utf8mb4_unicode_ci NOT NULL,
  `display_name_plural` varchar(255) COLLATE utf8mb4_unicode_ci NOT NULL,
  `icon` varchar(255) COLLATE utf8mb4_unicode_ci DEFAULT NULL,
  `model_name` varchar(255) COLLATE utf8mb4_unicode_ci DEFAULT NULL,
  `policy_name` varchar(255) COLLATE utf8mb4_unicode_ci DEFAULT NULL,
  `controller` varchar(255) COLLATE utf8mb4_unicode_ci DEFAULT NULL,
  `description` varchar(255) COLLATE utf8mb4_unicode_ci DEFAULT NULL,
  `generate_permissions` tinyint(1) NOT NULL DEFAULT '0',
  `server_side` tinyint(4) NOT NULL DEFAULT '0',
  `details` text COLLATE utf8mb4_unicode_ci,
  `created_at` timestamp NULL DEFAULT NULL,
  `updated_at` timestamp NULL DEFAULT NULL,
  PRIMARY KEY (`id`),
  UNIQUE KEY `data_types_name_unique` (`name`),
  UNIQUE KEY `data_types_slug_unique` (`slug`)
) ENGINE=InnoDB AUTO_INCREMENT=16 DEFAULT CHARSET=utf8mb4 COLLATE=utf8mb4_unicode_ci;
/*!40101 SET character_set_client = @saved_cs_client */;

--
-- Dumping data for table `data_types`
--

LOCK TABLES `data_types` WRITE;
/*!40000 ALTER TABLE `data_types` DISABLE KEYS */;
INSERT INTO `data_types` VALUES (1,'users','users','Usuario','Usuarios','voyager-person','App\\User','App\\Policies\\UserPolicy','App\\Http\\Controllers\\UserController','',1,1,NULL,'2020-11-23 14:35:38','2020-11-23 14:35:38'),(2,'menus','menus','Menú','Menús','voyager-list','TCG\\Voyager\\Models\\Menu',NULL,'','',1,0,NULL,'2020-11-23 14:35:38','2020-11-23 14:35:38'),(3,'roles','roles','Rol','Roles','voyager-lock','TCG\\Voyager\\Models\\Role',NULL,'TCG\\Voyager\\Http\\Controllers\\VoyagerRoleController','',1,0,NULL,'2020-11-23 14:35:38','2020-11-23 14:35:38'),(4,'categories','categories','Categoría','Categorías','voyager-categories','TCG\\Voyager\\Models\\Category',NULL,'','',1,0,NULL,'2020-11-23 14:35:39','2020-11-23 14:35:39'),(5,'posts','posts','Post','Posts','voyager-news','TCG\\Voyager\\Models\\Post','TCG\\Voyager\\Policies\\PostPolicy','','',1,0,NULL,'2020-11-23 14:35:39','2020-11-23 14:35:39'),(6,'pages','pages','Página','Páginas','voyager-file-text','TCG\\Voyager\\Models\\Page',NULL,'','',1,0,NULL,'2020-11-23 14:35:39','2020-11-23 14:35:39'),(7,'patients','patients','Paciente','Pacientes','voyager-news','App\\Patient','','','',1,1,NULL,'2020-11-23 14:35:39','2020-11-23 14:35:39'),(8,'laboratories','laboratories','Laboratorio','Laboratorios','voyager-news','App\\Laboratories','TCG\\Voyager\\Policies\\PostPolicy','','',1,1,NULL,'2020-11-23 14:35:39','2020-11-23 14:35:39'),(9,'agreements','agreements','Convenio','Convenios','voyager-news','App\\Agreements','TCG\\Voyager\\Policies\\PostPolicy','','',1,1,NULL,'2020-11-23 14:35:39','2020-11-23 14:35:39'),(10,'product','product','Producto','Inventario','voyager-news','App\\Product','TCG\\Voyager\\Policies\\PostPolicy','','',1,1,NULL,'2020-11-23 14:35:39','2020-11-23 14:35:39'),(11,'consulting_room','consulting_room','Consultorio','Consultorios','voyager-news','App\\ConsultingRoom','TCG\\Voyager\\Policies\\PostPolicy','','',1,1,NULL,'2020-11-23 14:35:39','2020-11-23 14:35:39'),(12,'appointments','appointments','Cita','Citas','voyager-news','App\\Appointment','','','',1,0,NULL,'2020-11-23 14:35:39','2020-11-23 14:35:39'),(13,'clinic_histories','clinic_histories','Historia Clinica','Historias Clinicas','voyager-news','App\\ClinicHistories',NULL,'App\\Http\\Controllers\\ClinicHistoryController',NULL,1,1,'{\"order_column\":null,\"order_display_column\":null,\"order_direction\":\"desc\",\"default_search_key\":null,\"scope\":null}','2020-11-23 14:35:39','2020-11-29 06:41:12'),(14,'budget_item','budget_item','seeders.data_types.budget_item.singular','seeders.data_types.budget_item.plural','voyager-news','App\\ClinicHistories','','','',1,1,NULL,'2020-11-23 14:35:39','2020-11-23 14:35:39'),(15,'budget','budget','seeders.data_types.budget.singular','seeders.data_types.budget.plural','voyager-news','App\\Budget','','App\\Http\\Controllers\\BudgetController','',1,1,NULL,'2020-11-23 14:35:39','2020-11-23 14:35:39');
/*!40000 ALTER TABLE `data_types` ENABLE KEYS */;
UNLOCK TABLES;

--
-- Table structure for table `detail_histories`
--

DROP TABLE IF EXISTS `detail_histories`;
/*!40101 SET @saved_cs_client     = @@character_set_client */;
/*!40101 SET character_set_client = utf8 */;
CREATE TABLE `detail_histories` (
  `id` bigint(20) unsigned NOT NULL AUTO_INCREMENT,
  `clinic_history_id` int(11) NOT NULL,
  `date` datetime NOT NULL,
  `consultory_room` int(11) NOT NULL,
  `treatment` varchar(255) COLLATE utf8mb4_unicode_ci NOT NULL,
  `doctor_id` varchar(255) COLLATE utf8mb4_unicode_ci NOT NULL,
  `observations` text COLLATE utf8mb4_unicode_ci NOT NULL,
  `created_at` timestamp NULL DEFAULT NULL,
  `updated_at` timestamp NULL DEFAULT NULL,
  PRIMARY KEY (`id`)
) ENGINE=InnoDB DEFAULT CHARSET=utf8mb4 COLLATE=utf8mb4_unicode_ci;
/*!40101 SET character_set_client = @saved_cs_client */;

--
-- Dumping data for table `detail_histories`
--

LOCK TABLES `detail_histories` WRITE;
/*!40000 ALTER TABLE `detail_histories` DISABLE KEYS */;
/*!40000 ALTER TABLE `detail_histories` ENABLE KEYS */;
UNLOCK TABLES;

--
-- Table structure for table `failed_jobs`
--

DROP TABLE IF EXISTS `failed_jobs`;
/*!40101 SET @saved_cs_client     = @@character_set_client */;
/*!40101 SET character_set_client = utf8 */;
CREATE TABLE `failed_jobs` (
  `id` bigint(20) unsigned NOT NULL AUTO_INCREMENT,
  `connection` text COLLATE utf8mb4_unicode_ci NOT NULL,
  `queue` text COLLATE utf8mb4_unicode_ci NOT NULL,
  `payload` longtext COLLATE utf8mb4_unicode_ci NOT NULL,
  `exception` longtext COLLATE utf8mb4_unicode_ci NOT NULL,
  `failed_at` timestamp NOT NULL DEFAULT CURRENT_TIMESTAMP,
  PRIMARY KEY (`id`)
) ENGINE=InnoDB DEFAULT CHARSET=utf8mb4 COLLATE=utf8mb4_unicode_ci;
/*!40101 SET character_set_client = @saved_cs_client */;

--
-- Dumping data for table `failed_jobs`
--

LOCK TABLES `failed_jobs` WRITE;
/*!40000 ALTER TABLE `failed_jobs` DISABLE KEYS */;
/*!40000 ALTER TABLE `failed_jobs` ENABLE KEYS */;
UNLOCK TABLES;

--
-- Table structure for table `hostnames`
--

DROP TABLE IF EXISTS `hostnames`;
/*!40101 SET @saved_cs_client     = @@character_set_client */;
/*!40101 SET character_set_client = utf8 */;
CREATE TABLE `hostnames` (
  `id` bigint(20) unsigned NOT NULL AUTO_INCREMENT,
  `fqdn` varchar(255) COLLATE utf8mb4_unicode_ci NOT NULL,
  `redirect_to` varchar(255) COLLATE utf8mb4_unicode_ci DEFAULT NULL,
  `force_https` tinyint(1) NOT NULL DEFAULT '0',
  `under_maintenance_since` timestamp NULL DEFAULT NULL,
  `website_id` bigint(20) unsigned DEFAULT NULL,
  `created_at` timestamp NULL DEFAULT NULL,
  `updated_at` timestamp NULL DEFAULT NULL,
  `deleted_at` timestamp NULL DEFAULT NULL,
  PRIMARY KEY (`id`),
  UNIQUE KEY `hostnames_fqdn_unique` (`fqdn`),
  KEY `hostnames_website_id_foreign` (`website_id`),
  CONSTRAINT `hostnames_website_id_foreign` FOREIGN KEY (`website_id`) REFERENCES `websites` (`id`) ON DELETE SET NULL
) ENGINE=InnoDB DEFAULT CHARSET=utf8mb4 COLLATE=utf8mb4_unicode_ci;
/*!40101 SET character_set_client = @saved_cs_client */;

--
-- Dumping data for table `hostnames`
--

LOCK TABLES `hostnames` WRITE;
/*!40000 ALTER TABLE `hostnames` DISABLE KEYS */;
/*!40000 ALTER TABLE `hostnames` ENABLE KEYS */;
UNLOCK TABLES;

--
-- Table structure for table `laboratories`
--

DROP TABLE IF EXISTS `laboratories`;
/*!40101 SET @saved_cs_client     = @@character_set_client */;
/*!40101 SET character_set_client = utf8 */;
CREATE TABLE `laboratories` (
  `id` bigint(20) unsigned NOT NULL AUTO_INCREMENT,
  `company` varchar(255) COLLATE utf8mb4_unicode_ci NOT NULL,
  `contact_name` varchar(255) COLLATE utf8mb4_unicode_ci NOT NULL,
  `payment_method` varchar(255) COLLATE utf8mb4_unicode_ci NOT NULL,
  `created_at` timestamp NULL DEFAULT NULL,
  `updated_at` timestamp NULL DEFAULT NULL,
  PRIMARY KEY (`id`)
) ENGINE=InnoDB DEFAULT CHARSET=utf8mb4 COLLATE=utf8mb4_unicode_ci;
/*!40101 SET character_set_client = @saved_cs_client */;

--
-- Dumping data for table `laboratories`
--

LOCK TABLES `laboratories` WRITE;
/*!40000 ALTER TABLE `laboratories` DISABLE KEYS */;
/*!40000 ALTER TABLE `laboratories` ENABLE KEYS */;
UNLOCK TABLES;

--
-- Table structure for table `menu_items`
--

DROP TABLE IF EXISTS `menu_items`;
/*!40101 SET @saved_cs_client     = @@character_set_client */;
/*!40101 SET character_set_client = utf8 */;
CREATE TABLE `menu_items` (
  `id` int(10) unsigned NOT NULL AUTO_INCREMENT,
  `menu_id` int(10) unsigned DEFAULT NULL,
  `title` varchar(255) COLLATE utf8mb4_unicode_ci NOT NULL,
  `url` varchar(255) COLLATE utf8mb4_unicode_ci NOT NULL,
  `target` varchar(255) COLLATE utf8mb4_unicode_ci NOT NULL DEFAULT '_self',
  `icon_class` varchar(255) COLLATE utf8mb4_unicode_ci DEFAULT NULL,
  `color` varchar(255) COLLATE utf8mb4_unicode_ci DEFAULT NULL,
  `parent_id` int(11) DEFAULT NULL,
  `order` int(11) NOT NULL,
  `created_at` timestamp NULL DEFAULT NULL,
  `updated_at` timestamp NULL DEFAULT NULL,
  `route` varchar(255) COLLATE utf8mb4_unicode_ci DEFAULT NULL,
  `parameters` text COLLATE utf8mb4_unicode_ci,
  PRIMARY KEY (`id`),
  KEY `menu_items_menu_id_foreign` (`menu_id`),
  CONSTRAINT `menu_items_menu_id_foreign` FOREIGN KEY (`menu_id`) REFERENCES `menus` (`id`) ON DELETE CASCADE
) ENGINE=InnoDB AUTO_INCREMENT=24 DEFAULT CHARSET=utf8mb4 COLLATE=utf8mb4_unicode_ci;
/*!40101 SET character_set_client = @saved_cs_client */;

--
-- Dumping data for table `menu_items`
--

LOCK TABLES `menu_items` WRITE;
/*!40000 ALTER TABLE `menu_items` DISABLE KEYS */;
INSERT INTO `menu_items` VALUES (1,1,'Tablero','','_self','voyager-boat',NULL,NULL,1,'2020-11-23 14:35:38','2020-11-23 14:35:38','voyager.dashboard',NULL),(2,1,'Multimedia','','_self','voyager-images',NULL,NULL,5,'2020-11-23 14:35:38','2020-11-23 14:35:38','voyager.media.index',NULL),(3,1,'Usuarios','','_self','voyager-person',NULL,NULL,3,'2020-11-23 14:35:38','2020-11-23 14:35:38','voyager.users.index',NULL),(4,1,'Roles','','_self','voyager-lock',NULL,NULL,2,'2020-11-23 14:35:38','2020-11-23 14:35:38','voyager.roles.index',NULL),(5,1,'Herramientas','','_self','voyager-tools',NULL,NULL,9,'2020-11-23 14:35:38','2020-11-23 14:35:38',NULL,NULL),(6,1,'Diseñador de Menús','','_self','voyager-list',NULL,5,10,'2020-11-23 14:35:38','2020-11-23 14:35:38','voyager.menus.index',NULL),(7,1,'Base de Datos','','_self','voyager-data',NULL,5,11,'2020-11-23 14:35:38','2020-11-23 14:35:38','voyager.database.index',NULL),(8,1,'Compás','','_self','voyager-compass',NULL,5,12,'2020-11-23 14:35:38','2020-11-23 14:35:38','voyager.compass.index',NULL),(9,1,'BREAD','','_self','voyager-bread',NULL,5,13,'2020-11-23 14:35:38','2020-11-23 14:35:38','voyager.bread.index',NULL),(10,1,'Parámetros','','_self','voyager-settings',NULL,NULL,14,'2020-11-23 14:35:38','2020-11-23 14:35:38','voyager.settings.index',NULL),(11,1,'Categorías','','_self','voyager-categories',NULL,NULL,8,'2020-11-23 14:35:39','2020-11-23 14:35:39','voyager.categories.index',NULL),(12,1,'Posts','','_self','voyager-news',NULL,NULL,6,'2020-11-23 14:35:39','2020-11-23 14:35:39','voyager.posts.index',NULL),(13,1,'Páginas','','_self','voyager-file-text',NULL,NULL,7,'2020-11-23 14:35:39','2020-11-23 14:35:39','voyager.pages.index',NULL),(14,1,'Pacientes','','_self','voyager-categories',NULL,NULL,8,'2020-11-23 14:35:39','2020-11-23 14:35:39','voyager.patients.index',NULL),(15,1,'Laboratorios','','_self','voyager-categories',NULL,NULL,8,'2020-11-23 14:35:39','2020-11-23 14:35:39','voyager.laboratories.index',NULL),(16,1,'Convenio','','_self','voyager-categories',NULL,NULL,8,'2020-11-23 14:35:39','2020-11-23 14:35:39','voyager.agreements.index',NULL),(17,1,'Producto','','_self','voyager-categories',NULL,NULL,8,'2020-11-23 14:35:39','2020-11-23 14:35:39','voyager.product.index',NULL),(18,1,'Consultorio','','_self','voyager-categories',NULL,NULL,8,'2020-11-23 14:35:39','2020-11-23 14:35:39','voyager.consulting_room.index',NULL),(19,1,'Citas','','_self','voyager-categories',NULL,NULL,8,'2020-11-23 14:35:39','2020-11-23 14:35:39','voyager.appointments.index',NULL),(20,1,'Historias Clinicas','','_self','voyager-categories',NULL,NULL,8,'2020-11-23 14:35:39','2020-11-23 14:35:39','voyager.clinic_histories.index',NULL),(21,1,'seeders.menu_items.budget_item','','_self','voyager-categories',NULL,NULL,8,'2020-11-23 14:35:39','2020-11-23 14:35:39','voyager.budget_item.index',NULL),(22,1,'seeders.menu_items.budget','','_self','voyager-categories',NULL,NULL,8,'2020-11-23 14:35:39','2020-11-23 14:35:39','voyager.budget.index',NULL),(23,1,'Hooks','','_self','voyager-hook',NULL,NULL,13,'2020-11-23 14:35:40','2020-11-23 14:35:40','voyager.hooks',NULL);
/*!40000 ALTER TABLE `menu_items` ENABLE KEYS */;
UNLOCK TABLES;

--
-- Table structure for table `menus`
--

DROP TABLE IF EXISTS `menus`;
/*!40101 SET @saved_cs_client     = @@character_set_client */;
/*!40101 SET character_set_client = utf8 */;
CREATE TABLE `menus` (
  `id` int(10) unsigned NOT NULL AUTO_INCREMENT,
  `name` varchar(255) COLLATE utf8mb4_unicode_ci NOT NULL,
  `created_at` timestamp NULL DEFAULT NULL,
  `updated_at` timestamp NULL DEFAULT NULL,
  PRIMARY KEY (`id`),
  UNIQUE KEY `menus_name_unique` (`name`)
) ENGINE=InnoDB AUTO_INCREMENT=3 DEFAULT CHARSET=utf8mb4 COLLATE=utf8mb4_unicode_ci;
/*!40101 SET character_set_client = @saved_cs_client */;

--
-- Dumping data for table `menus`
--

LOCK TABLES `menus` WRITE;
/*!40000 ALTER TABLE `menus` DISABLE KEYS */;
INSERT INTO `menus` VALUES (1,'admin','2020-11-23 14:35:38','2020-11-23 14:35:38'),(2,'admin_app','2020-11-23 14:35:38','2020-11-23 14:35:38');
/*!40000 ALTER TABLE `menus` ENABLE KEYS */;
UNLOCK TABLES;

--
-- Table structure for table `migrations`
--

DROP TABLE IF EXISTS `migrations`;
/*!40101 SET @saved_cs_client     = @@character_set_client */;
/*!40101 SET character_set_client = utf8 */;
CREATE TABLE `migrations` (
  `id` int(10) unsigned NOT NULL AUTO_INCREMENT,
  `migration` varchar(255) COLLATE utf8mb4_unicode_ci NOT NULL,
  `batch` int(11) NOT NULL,
  PRIMARY KEY (`id`)
) ENGINE=InnoDB AUTO_INCREMENT=42 DEFAULT CHARSET=utf8mb4 COLLATE=utf8mb4_unicode_ci;
/*!40101 SET character_set_client = @saved_cs_client */;

--
-- Dumping data for table `migrations`
--

LOCK TABLES `migrations` WRITE;
/*!40000 ALTER TABLE `migrations` DISABLE KEYS */;
INSERT INTO `migrations` VALUES (1,'2014_10_12_000000_create_users_table',1),(2,'2014_10_12_100000_create_password_resets_table',2),(3,'2016_01_01_000000_add_voyager_user_fields',2),(4,'2016_01_01_000000_create_data_types_table',2),(5,'2016_01_01_000000_create_pages_table',2),(6,'2016_01_01_000000_create_posts_table',2),(7,'2016_02_15_204651_create_categories_table',2),(8,'2016_05_19_173453_create_menu_table',2),(9,'2016_10_21_190000_create_roles_table',2),(10,'2016_10_21_190000_create_settings_table',2),(11,'2016_11_30_135954_create_permission_table',2),(12,'2016_11_30_141208_create_permission_role_table',2),(13,'2016_12_26_201236_data_types__add__server_side',2),(14,'2017_01_01_000003_tenancy_websites',2),(15,'2017_01_01_000005_tenancy_hostnames',2),(16,'2017_01_13_000000_add_route_to_menu_items_table',2),(17,'2017_01_14_005015_create_translations_table',2),(18,'2017_01_15_000000_make_table_name_nullable_in_permissions_table',2),(19,'2017_03_06_000000_add_controller_to_data_types_table',2),(20,'2017_04_11_000000_alter_post_nullable_fields_table',2),(21,'2017_04_21_000000_add_order_to_data_rows_table',2),(22,'2017_07_05_210000_add_policyname_to_data_types_table',2),(23,'2017_08_05_000000_add_group_to_settings_table',2),(24,'2017_11_26_013050_add_user_role_relationship',2),(25,'2017_11_26_015000_create_user_roles_table',2),(26,'2018_03_11_000000_add_user_settings',2),(27,'2018_03_14_000000_add_details_to_data_types_table',2),(28,'2018_03_16_000000_make_settings_value_nullable',2),(29,'2018_04_06_000001_tenancy_websites_needs_db_host',2),(30,'2019_08_19_000000_create_failed_jobs_table',2),(31,'2019_12_14_000001_create_personal_access_tokens_table',2),(32,'2020_05_02_222826_create_consulting_room_table',2),(33,'2020_05_02_222959_create_laboratories_table',2),(34,'2020_05_02_223008_create_products_table',2),(35,'2020_05_03_062851_create_agreements_table',2),(36,'2020_05_03_064025_create_patients_table',2),(37,'2020_05_03_064524_create_clinic_histories_table',2),(38,'2020_05_03_064633_create_detail_histories_table',2),(39,'2020_05_11_033754_create_appointments_table',2),(40,'2020_07_18_065838_create_budget_table',2),(41,'2020_07_18_065958_create_budget_item_table',2);
/*!40000 ALTER TABLE `migrations` ENABLE KEYS */;
UNLOCK TABLES;

--
-- Table structure for table `pages`
--

DROP TABLE IF EXISTS `pages`;
/*!40101 SET @saved_cs_client     = @@character_set_client */;
/*!40101 SET character_set_client = utf8 */;
CREATE TABLE `pages` (
  `id` int(10) unsigned NOT NULL AUTO_INCREMENT,
  `author_id` int(11) NOT NULL,
  `title` varchar(255) COLLATE utf8mb4_unicode_ci NOT NULL,
  `excerpt` text COLLATE utf8mb4_unicode_ci,
  `body` text COLLATE utf8mb4_unicode_ci,
  `image` varchar(255) COLLATE utf8mb4_unicode_ci DEFAULT NULL,
  `slug` varchar(255) COLLATE utf8mb4_unicode_ci NOT NULL,
  `meta_description` text COLLATE utf8mb4_unicode_ci,
  `meta_keywords` text COLLATE utf8mb4_unicode_ci,
  `status` enum('ACTIVE','INACTIVE') COLLATE utf8mb4_unicode_ci NOT NULL DEFAULT 'INACTIVE',
  `created_at` timestamp NULL DEFAULT NULL,
  `updated_at` timestamp NULL DEFAULT NULL,
  PRIMARY KEY (`id`),
  UNIQUE KEY `pages_slug_unique` (`slug`)
) ENGINE=InnoDB AUTO_INCREMENT=2 DEFAULT CHARSET=utf8mb4 COLLATE=utf8mb4_unicode_ci;
/*!40101 SET character_set_client = @saved_cs_client */;

--
-- Dumping data for table `pages`
--

LOCK TABLES `pages` WRITE;
/*!40000 ALTER TABLE `pages` DISABLE KEYS */;
INSERT INTO `pages` VALUES (1,1,'Hello World','Hang the jib grog grog blossom grapple dance the hempen jig gangway pressgang bilge rat to go on account lugger. Nelsons folly gabion line draught scallywag fire ship gaff fluke fathom case shot. Sea Legs bilge rat sloop matey gabion long clothes run a shot across the bow Gold Road cog league.','<p>Hello World. Scallywag grog swab Cat o\'nine tails scuttle rigging hardtack cable nipper Yellow Jack. Handsomely spirits knave lad killick landlubber or just lubber deadlights chantey pinnace crack Jennys tea cup. Provost long clothes black spot Yellow Jack bilged on her anchor league lateen sail case shot lee tackle.</p>\n<p>Ballast spirits fluke topmast me quarterdeck schooner landlubber or just lubber gabion belaying pin. Pinnace stern galleon starboard warp carouser to go on account dance the hempen jig jolly boat measured fer yer chains. Man-of-war fire in the hole nipperkin handsomely doubloon barkadeer Brethren of the Coast gibbet driver squiffy.</p>','pages/page1.jpg','hello-world','Yar Meta Description','Keyword1, Keyword2','ACTIVE','2020-11-23 14:35:39','2020-11-23 14:35:39');
/*!40000 ALTER TABLE `pages` ENABLE KEYS */;
UNLOCK TABLES;

--
-- Table structure for table `password_resets`
--

DROP TABLE IF EXISTS `password_resets`;
/*!40101 SET @saved_cs_client     = @@character_set_client */;
/*!40101 SET character_set_client = utf8 */;
CREATE TABLE `password_resets` (
  `email` varchar(255) COLLATE utf8mb4_unicode_ci NOT NULL,
  `token` varchar(255) COLLATE utf8mb4_unicode_ci NOT NULL,
  `created_at` timestamp NULL DEFAULT NULL,
  KEY `password_resets_email_index` (`email`)
) ENGINE=InnoDB DEFAULT CHARSET=utf8mb4 COLLATE=utf8mb4_unicode_ci;
/*!40101 SET character_set_client = @saved_cs_client */;

--
-- Dumping data for table `password_resets`
--

LOCK TABLES `password_resets` WRITE;
/*!40000 ALTER TABLE `password_resets` DISABLE KEYS */;
/*!40000 ALTER TABLE `password_resets` ENABLE KEYS */;
UNLOCK TABLES;

--
-- Table structure for table `patients`
--

DROP TABLE IF EXISTS `patients`;
/*!40101 SET @saved_cs_client     = @@character_set_client */;
/*!40101 SET character_set_client = utf8 */;
CREATE TABLE `patients` (
  `id` bigint(20) unsigned NOT NULL AUTO_INCREMENT,
  `name` varchar(255) COLLATE utf8mb4_unicode_ci NOT NULL,
  `last_name` varchar(255) COLLATE utf8mb4_unicode_ci NOT NULL,
  `document_type` varchar(255) COLLATE utf8mb4_unicode_ci DEFAULT NULL,
  `document_number` varchar(255) COLLATE utf8mb4_unicode_ci NOT NULL,
  `phone_number` varchar(255) COLLATE utf8mb4_unicode_ci DEFAULT NULL,
  `email` varchar(255) COLLATE utf8mb4_unicode_ci DEFAULT NULL,
  `avatar` varchar(255) COLLATE utf8mb4_unicode_ci DEFAULT NULL,
  `birthdate` varchar(255) COLLATE utf8mb4_unicode_ci DEFAULT NULL,
  `in_charge_name` varchar(255) COLLATE utf8mb4_unicode_ci DEFAULT NULL,
  `state` varchar(255) COLLATE utf8mb4_unicode_ci DEFAULT NULL,
  `odontograma` text COLLATE utf8mb4_unicode_ci,
  `diseases` text COLLATE utf8mb4_unicode_ci,
  `created_at` timestamp NULL DEFAULT NULL,
  `updated_at` timestamp NULL DEFAULT NULL,
  PRIMARY KEY (`id`),
  UNIQUE KEY `patients_document_number_unique` (`document_number`)
) ENGINE=InnoDB AUTO_INCREMENT=87 DEFAULT CHARSET=utf8mb4 COLLATE=utf8mb4_unicode_ci;
/*!40101 SET character_set_client = @saved_cs_client */;

--
-- Dumping data for table `patients`
--

LOCK TABLES `patients` WRITE;
/*!40000 ALTER TABLE `patients` DISABLE KEYS */;
INSERT INTO `patients` VALUES (1,'Rocio del carmen','Zapana Espinoza',NULL,'45104159','943536906','r.zapana.espinoza@gmail.com',NULL,'Mon Apr 18 1988 00:00:00 GMT-0500 (hora estándar de Perú)','undefined',NULL,'{}','[]','2020-11-24 17:49:28','2020-12-09 14:50:39'),(2,'Mirtha','Del carpio',NULL,'29472490','959462857','undefined',NULL,'Mon Jan 09 1956 00:00:00 GMT-0500 (hora estándar de Perú)','undefined',NULL,'{\"13_\":{\"part\":{},\"state\":{\"trat_pulpar_malo\":{\"option\":{\"tratamiento_pulpar_tc_r\":true}},\"protesis_fija_buena\":{\"start\":false,\"middle\":false,\"end\":true}}},\"15_\":{\"part\":{},\"state\":{\"protesis_fija_buena\":{\"start\":true,\"middle\":false,\"end\":false},\"perno_bueno\":{\"option\":{\"perno_bueno_mf\":true}}}},\"14_\":{\"part\":{},\"state\":{\"protesis_fija_buena\":{\"start\":false,\"middle\":true,\"end\":false}}},\"44_\":{\"part\":{\"parts-3\":{\"restauracion\":true}},\"state\":{\"restauracion\":{\"option\":{\"restauracion_R\":true}}}},\"32_\":{\"part\":{\"parts-3\":{\"restauracion\":true}},\"state\":{\"restauracion\":{\"option\":{\"restauracion_R\":true}}}},\"11_\":{\"part\":{},\"state\":{\"tratamiento_pulpar\":{\"option\":{\"tratamiento_pulpar_TC\":true}},\"perno_bueno\":{\"option\":{\"perno_bueno_mm\":true}},\"corona_definitiva\":{\"option\":{\"corona_definitiva_CMC\":true}}}},\"especificaciones\":\"prótesis removible con ataches\\npresencia de placa blanda y dura\\n\",\"16_\":{\"part\":{\"parts-4-type-2\":{\"restauracion\":true},\"parts-2-type-2\":{\"restauracion\":true},\"parts-4\":{\"restauracion\":true}},\"state\":{\"restauracion\":{\"option\":{\"restauracion_R\":true}}}},\"26_\":{\"part\":{\"parts-4-type-2\":{\"restauracion\":true},\"parts-3-type-2\":{\"restauracion\":true}},\"state\":{\"restauracion\":{\"option\":{\"restauracion_R\":true}},\"corona_definitiva\":{\"option\":{\"corona_definitiva_CMC\":true}}}},\"21_\":{\"part\":{},\"state\":{\"corona_definitiva\":{\"option\":{\"corona_definitiva_CMC\":true}}}},\"25_\":{\"part\":{},\"state\":{\"protesis_removible_bueno\":{\"start\":false,\"middle\":false,\"end\":true}}},\"22_\":{\"part\":{},\"state\":{\"protesis_removible_bueno\":{\"start\":true,\"middle\":false,\"end\":false}}},\"23_\":{\"part\":{},\"state\":{\"protesis_removible_bueno\":{\"start\":false,\"middle\":true,\"end\":false}}},\"24_\":{\"part\":{},\"state\":{\"protesis_removible_bueno\":{\"start\":false,\"middle\":true,\"end\":false}}},\"45_\":{\"part\":{},\"state\":{\"corona_definitiva\":{\"option\":{\"corona_definitiva_CMC\":true}}}},\"34_\":{\"part\":{},\"state\":{\"corona_definitiva\":{\"option\":{\"corona_definitiva_CMC\":true}}}},\"35_\":{\"part\":{},\"state\":{\"corona_definitiva\":{\"option\":{\"corona_definitiva_CMC\":true}}}},\"37_\":{\"part\":{},\"state\":{\"corona_definitiva\":{\"option\":{\"corona_definitiva_CMC\":true}}}},\"38_\":{\"part\":{},\"state\":{\"diente_ausente\":true}},\"36_\":{\"part\":{},\"state\":{\"diente_ausente\":true}},\"46_\":{\"part\":{},\"state\":{\"diente_ausente\":true}},\"48_\":{\"part\":{},\"state\":{\"diente_ausente\":true}}}','{\"hipertension\":true,\"r4_text\":\"lozartan\"}','2020-11-25 17:04:16','2020-11-25 17:21:14'),(3,'Cesar','Perez',NULL,'29256692','982039517','undefined',NULL,'Invalid Date','undefined',NULL,'{\"16_\":{\"part\":{},\"state\":{\"diente_ausente\":true}},\"26_\":{\"part\":{},\"state\":{\"diente_ausente\":true}},\"27_\":{\"part\":{},\"state\":{\"diente_ausente\":true}},\"28_\":{\"part\":{},\"state\":{\"diente_ausente\":true}},\"36_\":{\"part\":{},\"state\":{\"diente_ausente\":true}},\"37_\":{\"part\":{},\"state\":{\"diente_ausente\":true}},\"38_\":{\"part\":{},\"state\":{\"diente_ausente\":true}},\"48_\":{\"part\":{},\"state\":{\"diente_ausente\":true}},\"47_\":{\"part\":{},\"state\":{\"diente_ausente\":true}},\"46_\":{\"part\":{},\"state\":{\"trat_pulpar_malo\":{\"option\":{\"tratamiento_pulpar_tc_r\":true}},\"protesis_fija_malo\":{\"start\":true,\"middle\":false,\"end\":false}}},\"43_\":{\"part\":{},\"state\":{\"trat_pulpar_malo\":{\"option\":{\"tratamiento_pulpar_tc_r\":true}},\"protesis_fija_malo\":{\"start\":true,\"middle\":false,\"end\":false}}},\"33_\":{\"part\":{},\"state\":{\"trat_pulpar_malo\":{\"option\":{\"tratamiento_pulpar_tc_r\":true}},\"protesis_fija_malo\":{\"start\":false,\"middle\":false,\"end\":true}}},\"34_\":{\"part\":{},\"state\":{\"trat_pulpar_malo\":{\"option\":{\"tratamiento_pulpar_tc_r\":true}},\"perno_malo\":{\"option\":{\"perno_mm\":true}},\"protesis_fija_malo\":{\"start\":true,\"middle\":false,\"end\":true}}},\"44_\":{\"part\":{},\"state\":{\"protesis_fija_malo\":{\"start\":false,\"middle\":false,\"end\":true}}},\"45_\":{\"part\":{},\"state\":{\"protesis_fija_malo\":{\"start\":false,\"middle\":true,\"end\":false}}},\"42_\":{\"part\":{},\"state\":{\"protesis_fija_malo\":{\"start\":false,\"middle\":true,\"end\":false}}},\"41_\":{\"part\":{},\"state\":{\"protesis_fija_malo\":{\"start\":false,\"middle\":true,\"end\":false}}},\"31_\":{\"part\":{},\"state\":{\"protesis_fija_malo\":{\"start\":false,\"middle\":true,\"end\":false}}},\"32_\":{\"part\":{},\"state\":{\"protesis_fija_malo\":{\"start\":false,\"middle\":true,\"end\":false}}},\"13_\":{\"part\":{},\"state\":{\"protesis_fija_buena\":{\"start\":true}}},\"23_\":{\"part\":{},\"state\":{\"trat_pulpar_malo\":{\"option\":{}}}},\"12_\":{\"part\":{},\"state\":{\"protesis_fija_buena\":{\"start\":true,\"middle\":false,\"end\":false}}},\"11_\":{\"part\":{},\"state\":{\"protesis_fija_buena\":{\"start\":false,\"middle\":true,\"end\":false}}},\"21_\":{\"part\":{},\"state\":{\"protesis_fija_buena\":{\"start\":false,\"middle\":true,\"end\":false}}},\"22_\":{\"part\":{},\"state\":{\"protesis_fija_buena\":{\"start\":false,\"middle\":false,\"end\":true}}},\"15_\":{\"part\":{},\"state\":{\"corona_definitiva\":{\"option\":{\"corona_definitiva_CJ\":true}}}},\"17_\":{\"part\":{},\"state\":{\"corona_definitiva\":{\"option\":{\"corona_definitiva_CJ\":true}}}},\"24_\":{\"part\":{},\"state\":{\"trat_pulpar_malo\":{\"option\":{}}}},\"25_\":{\"part\":{},\"state\":{\"trat_pulpar_malo\":{\"option\":{}}}},\"especificaciones\":\"Presencia de placa dura\\nMordida agresiva\\nLlego con endodoncias cortas y prótesis fija en mal estado\"}','{\"diabetes\":true,\"r4_text\":\"Insulina\"}','2020-11-28 00:12:52','2020-11-28 00:18:34'),(4,'Isela Leonor','Martinez Arevalo',NULL,'30424262','987335226','undefined',NULL,'Sun Jan 05 1969 00:00:00 GMT-0500 (hora estándar de Perú)','undefined',NULL,'{\"18_\":{\"part\":{\"parts-2-type-1\":{\"caries\":true},\"parts-5-type-1\":{\"caries\":true}}},\"15_\":{\"part\":{\"parts-1\":{\"caries\":true},\"parts-2\":{\"caries\":true}}},\"14_\":{\"part\":{\"parts-2\":{\"caries\":true}}},\"37_\":{\"part\":{\"parts-1-type-2\":{\"caries\":true},\"parts-2-type-2\":{\"caries\":true},\"parts-4-type-2\":{\"caries\":true},\"parts-3-type-2\":{\"caries\":true}}},\"45_\":{\"part\":{\"parts-1\":{\"caries\":true},\"parts-2-type-3\":{\"caries\":true}}},\"27_\":{\"part\":{\"parts-4-type-2\":{\"restauracion\":true},\"parts-1-type-2\":{\"restauracion\":true}},\"state\":{\"restauracion\":{\"option\":{\"restauracion_AM\":true}}}},\"28_\":{\"part\":{},\"state\":{\"diente_ausente\":true}},\"16_\":{\"part\":{},\"state\":{\"diente_ausente\":true}},\"17_\":{\"part\":{\"parts-1-type-2\":{\"restauracion\":true},\"parts-2-type-2\":{\"restauracion\":true},\"parts-4-type-2\":{\"restauracion\":true},\"parts-3-type-2\":{\"restauracion\":true}},\"state\":{\"restauracion\":{\"option\":{\"restauracion_R\":true}}}},\"36_\":{\"part\":{},\"state\":{\"diente_ausente\":true}},\"38_\":{\"part\":{},\"state\":{\"diente_ausente\":true}},\"48_\":{\"part\":{\"parts-2-type-1\":{\"restauracion\":true},\"parts-5-type-1\":{\"restauracion\":true},\"parts-4-type-1\":{\"restauracion\":true},\"parts-1-type-1\":{\"restauracion\":true},\"parts-3-type-1\":{\"restauracion\":true},\"parts-6-type-1\":{\"restauracion\":true}},\"state\":{\"restauracion\":{\"option\":{\"restauracion_AM\":true}}}},\"47_\":{\"part\":{\"parts-1-type-2\":{\"restauracion\":true},\"parts-2-type-2\":{\"restauracion\":true},\"parts-4-type-2\":{\"restauracion\":true},\"parts-3-type-2\":{\"restauracion\":true}},\"state\":{\"restauracion\":{\"option\":{\"restauracion_AM\":true}}}},\"especificaciones\":\"Presencia de placa dura y placa blanda\"}','[]','2020-12-01 20:17:53','2020-12-09 13:51:13'),(5,'Malena Tatiana','Fuentes Gonzales','null','29236033','958502715',NULL,NULL,'Sun Jun 12 1966 00:00:00 GMT-0500 (hora estándar de Perú)','undefined',NULL,NULL,'[]','2020-12-05 15:40:29','2020-12-10 22:28:41'),(6,'Guillermo','Paredes Ovando',NULL,'29304856','958133857','undefined',NULL,'Sat Feb 02 1946 00:00:00 GMT-0500 (hora estándar de Perú)','undefined',NULL,'{\"48_\":{\"part\":{},\"state\":{\"protesis_total_buena\":{\"start\":true,\"middle\":false,\"end\":false}}},\"38_\":{\"part\":{},\"state\":{\"protesis_total_buena\":{\"start\":false,\"middle\":false,\"end\":true}}},\"47_\":{\"part\":{},\"state\":{\"protesis_total_buena\":{\"start\":false,\"middle\":true,\"end\":false}}},\"46_\":{\"part\":{},\"state\":{\"protesis_total_buena\":{\"start\":false,\"middle\":true,\"end\":false}}},\"45_\":{\"part\":{},\"state\":{\"protesis_total_buena\":{\"start\":false,\"middle\":true,\"end\":false}}},\"44_\":{\"part\":{},\"state\":{\"protesis_total_buena\":{\"start\":false,\"middle\":true,\"end\":false}}},\"43_\":{\"part\":{},\"state\":{\"protesis_total_buena\":{\"start\":false,\"middle\":true,\"end\":false}}},\"42_\":{\"part\":{},\"state\":{\"protesis_total_buena\":{\"start\":false,\"middle\":true,\"end\":false}}},\"41_\":{\"part\":{},\"state\":{\"protesis_total_buena\":{\"start\":false,\"middle\":true,\"end\":false}}},\"31_\":{\"part\":{},\"state\":{\"protesis_total_buena\":{\"start\":false,\"middle\":true,\"end\":false}}},\"32_\":{\"part\":{},\"state\":{\"protesis_total_buena\":{\"start\":false,\"middle\":true,\"end\":false}}},\"33_\":{\"part\":{},\"state\":{\"protesis_total_buena\":{\"start\":false,\"middle\":true,\"end\":false}}},\"34_\":{\"part\":{},\"state\":{\"protesis_total_buena\":{\"start\":false,\"middle\":true,\"end\":false}}},\"35_\":{\"part\":{},\"state\":{\"protesis_total_buena\":{\"start\":false,\"middle\":true,\"end\":false}}},\"36_\":{\"part\":{},\"state\":{\"protesis_total_buena\":{\"start\":false,\"middle\":true,\"end\":false}}},\"37_\":{\"part\":{},\"state\":{\"protesis_total_buena\":{\"start\":false,\"middle\":true,\"end\":false}}},\"28_\":{\"part\":{},\"state\":{\"protesis_total_buena\":{\"start\":false,\"middle\":false,\"end\":true}}},\"18_\":{\"part\":{},\"state\":{\"protesis_total_buena\":{\"start\":true,\"middle\":false,\"end\":false}}},\"17_\":{\"part\":{},\"state\":{\"protesis_total_buena\":{\"start\":false,\"middle\":true,\"end\":false}}},\"16_\":{\"part\":{},\"state\":{\"protesis_total_buena\":{\"start\":false,\"middle\":true,\"end\":false}}},\"15_\":{\"part\":{},\"state\":{\"protesis_total_buena\":{\"start\":false,\"middle\":true,\"end\":false}}},\"14_\":{\"part\":{},\"state\":{\"protesis_total_buena\":{\"start\":false,\"middle\":true,\"end\":false}}},\"13_\":{\"part\":{},\"state\":{\"protesis_total_buena\":{\"start\":false,\"middle\":true,\"end\":false}}},\"12_\":{\"part\":{},\"state\":{\"protesis_total_buena\":{\"start\":false,\"middle\":true,\"end\":false}}},\"11_\":{\"part\":{},\"state\":{\"protesis_total_buena\":{\"start\":false,\"middle\":true,\"end\":false}}},\"21_\":{\"part\":{},\"state\":{\"protesis_total_buena\":{\"start\":false,\"middle\":true,\"end\":false}}},\"22_\":{\"part\":{},\"state\":{\"protesis_total_buena\":{\"start\":false,\"middle\":true,\"end\":false}}},\"23_\":{\"part\":{},\"state\":{\"protesis_total_buena\":{\"start\":false,\"middle\":true,\"end\":false}}},\"24_\":{\"part\":{},\"state\":{\"protesis_total_buena\":{\"start\":false,\"middle\":true,\"end\":false}}},\"25_\":{\"part\":{},\"state\":{\"protesis_total_buena\":{\"start\":false,\"middle\":true,\"end\":false}}},\"26_\":{\"part\":{},\"state\":{\"protesis_total_buena\":{\"start\":false,\"middle\":true,\"end\":false}}},\"27_\":{\"part\":{},\"state\":{\"protesis_total_buena\":{\"start\":false,\"middle\":true,\"end\":false}}},\"especificaciones\":\"Se realizo extracciones de remanentes radiculares\"}','{}','2020-12-07 14:54:14','2020-12-07 14:55:31'),(7,'Milagros','Quispe Aracallo',NULL,'70683823','910916031','monica_myli@hotmail.com',NULL,'Fri Oct 22 1993 00:00:00 GMT-0500 (hora estándar de Perú)','undefined',NULL,'{\"16_\":{\"part\":{\"parts-1-type-2\":{\"caries\":true},\"parts-2-type-2\":{\"caries\":true},\"parts-4-type-2\":{\"caries\":true},\"parts-3-type-2\":{\"caries\":true}}},\"47_\":{\"part\":{\"parts-1-type-2\":{\"caries\":true},\"parts-2-type-2\":{\"caries\":true},\"parts-4-type-2\":{\"caries\":true},\"parts-3-type-2\":{\"caries\":true}}},\"37_\":{\"part\":{\"parts-1-type-2\":{\"caries\":true},\"parts-2-type-2\":{\"caries\":true},\"parts-4-type-2\":{\"caries\":true},\"parts-3-type-2\":{\"caries\":true}}},\"46_\":{\"part\":{\"parts-1-type-4\":{\"restauracion\":true},\"parts-2-type-4\":{\"restauracion\":true},\"parts-4-type-4\":{\"restauracion\":true},\"parts-3-type-4\":{\"restauracion\":true},\"parts-5-type-4\":{\"restauracion\":true}},\"state\":{\"restauracion\":{\"option\":{\"restauracion_AM\":true}}}},\"18_\":{\"part\":{\"parts-2-type-1\":{\"caries\":true},\"parts-5-type-1\":{\"caries\":true}}},\"38_\":{\"part\":{},\"state\":{\"diemte_extraido\":true}},\"36_\":{\"part\":{},\"state\":{\"diente_ausente\":true}},\"26_\":{\"part\":{\"parts-2-type-2\":{\"restauracion\":true},\"parts-1-type-2\":{\"restauracion\":true},\"parts-3-type-2\":{\"restauracion\":true},\"parts-4-type-2\":{\"restauracion\":true}},\"state\":{\"restauracion\":{\"option\":{\"restauracion_AM\":true}}}},\"especificaciones\":\"Presencia de placa blanda y dura.\\nApiñamiento dental moderado.\"}','[]','2020-12-08 14:16:20','2020-12-08 14:27:33'),(8,'Mercy Luz','Contreras Salas','null','29374099','959877659','mercylcs@hotmail.com',NULL,'Mon Sep 28 1964 00:00:00 GMT-0500 (hora estándar de Perú)','undefined',NULL,NULL,'[]','2020-12-09 16:48:22','2020-12-12 14:07:49'),(9,'Yovana','Gómez Cavantico','undefined','40392253','960478140','isabella1779@hotmail.com',NULL,'Wed Oct 17 1979 00:00:00 GMT-0500 (hora estándar de Perú)','undefined',NULL,NULL,'undefined','2020-12-09 22:18:15','2020-12-09 22:18:15'),(10,'Artemia Alejandrina','Anci Chávez',NULL,'29405498','959627688','null',NULL,'Sun May 05 1946 00:00:00 GMT-0500 (hora estándar de Perú)','undefined',NULL,'{\"16_\":{\"part\":{},\"state\":{\"tratamiento_pulpar\":{\"option\":{\"tratamiento_pulpar_TC\":true}},\"corona_definitiva\":{\"option\":{\"corona_definitiva_CMC\":true}},\"protesis_removible_bueno\":{\"start\":true,\"middle\":false,\"end\":false}}},\"especificaciones\":\"Pieza 16_ Tratamiento Pulpar TC\\nPieza 23_ Tratamiento Pulpar TC\\nPieza 22_ Tratamiento Pulpar TC\\nPieza 21_ Tratamiento Pulpar TC\\nPresencia de placa blanda\\n\",\"23_\":{\"part\":{},\"state\":{\"tratamiento_pulpar\":{\"option\":{\"tratamiento_pulpar_TC\":true}},\"perno_bueno\":{\"option\":{}},\"corona_definitiva\":{\"option\":{\"corona_definitiva_CMC\":true}},\"protesis_removible_bueno\":{\"start\":true,\"middle\":false,\"end\":false}}},\"22_\":{\"part\":{},\"state\":{\"tratamiento_pulpar\":{\"option\":{\"tratamiento_pulpar_TC\":true}},\"perno_bueno\":{\"option\":{}},\"corona_definitiva\":{\"option\":{}}}},\"21_\":{\"part\":{},\"state\":{\"tratamiento_pulpar\":{\"option\":{\"tratamiento_pulpar_TC\":true}},\"perno_bueno\":{\"option\":{}},\"corona_definitiva\":{\"option\":{\"corona_definitiva_CMC\":true}},\"protesis_removible_bueno\":{\"start\":false,\"middle\":false,\"end\":true}}},\"15_\":{\"part\":{},\"state\":{\"protesis_removible_bueno\":{\"start\":false,\"middle\":true,\"end\":false}}},\"14_\":{\"part\":{},\"state\":{\"protesis_removible_bueno\":{\"start\":false,\"middle\":true,\"end\":false}}},\"13_\":{\"part\":{},\"state\":{\"protesis_removible_bueno\":{\"start\":false,\"middle\":true,\"end\":false}}},\"12_\":{\"part\":{},\"state\":{\"protesis_removible_bueno\":{\"start\":false,\"middle\":true,\"end\":false}}},\"11_\":{\"part\":{},\"state\":{\"protesis_removible_bueno\":{\"start\":false,\"middle\":true,\"end\":false}}},\"27_\":{\"part\":{},\"state\":{\"protesis_removible_bueno\":{\"start\":false,\"middle\":false,\"end\":true}}},\"24_\":{\"part\":{},\"state\":{\"protesis_removible_bueno\":{\"start\":false,\"middle\":true,\"end\":false}}},\"25_\":{\"part\":{},\"state\":{\"protesis_removible_bueno\":{\"start\":false,\"middle\":true,\"end\":false}}},\"26_\":{\"part\":{},\"state\":{\"protesis_removible_bueno\":{\"start\":false,\"middle\":true,\"end\":false}}},\"47_\":{\"part\":{},\"state\":{\"corona_definitiva\":{\"option\":{\"corona_definitiva_CMC\":true}}}},\"45_\":{\"part\":{},\"state\":{\"corona_definitiva\":{\"option\":{\"corona_definitiva_CMC\":true}}}},\"35_\":{\"part\":{},\"state\":{\"corona_definitiva\":{\"option\":{\"corona_definitiva_CMC\":true}}}},\"34_\":{\"part\":{},\"state\":{\"corona_definitiva\":{\"option\":{\"corona_definitiva_CMC\":true}}}},\"36_\":{\"part\":{},\"state\":{\"diente_ausente\":true}},\"37_\":{\"part\":{},\"state\":{\"diente_ausente\":true}},\"38_\":{\"part\":{},\"state\":{\"diente_ausente\":true}},\"46_\":{\"part\":{},\"state\":{\"diente_ausente\":true}},\"48_\":{\"part\":{},\"state\":{\"diente_ausente\":true}}}','{\"diabetes\":true,\"r4_text\":\"trayenta\"}','2020-12-15 15:51:01','2020-12-15 16:24:24'),(11,'Jose Antonio','Paxi Lopez','undefined','78758804','920477226',NULL,NULL,'Sun Aug 31 2014 00:00:00 GMT-0500 (hora estándar de Perú)','undefined',NULL,NULL,'{}','2021-01-02 14:39:45','2021-01-02 14:41:31'),(12,'Pedro Cesar','Bravo García',NULL,'29315195','959461486','cbravoga_6@hotmail.com',NULL,'Fri Feb 22 1952 00:00:00 GMT-0500 (hora estándar de Perú)','undefined',NULL,'{\"16_\":{\"part\":{},\"state\":{\"corona_definitiva\":{\"option\":{\"corona_definitiva_CMC\":true}}}},\"15_\":{\"part\":{},\"state\":{\"corona_definitiva\":{\"option\":{\"corona_definitiva_CMC\":true}}}},\"14_\":{\"part\":{},\"state\":{\"corona_definitiva\":{\"option\":{\"corona_definitiva_CMC\":true}}}},\"26_\":{\"part\":{},\"state\":{\"corona_definitiva\":{\"option\":{\"corona_definitiva_CMC\":true}}}},\"38_\":{\"part\":{},\"state\":{\"corona_definitiva\":{\"option\":{\"corona_definitiva_CMC\":true}}}},\"37_\":{\"part\":{},\"state\":{\"corona_definitiva\":{\"option\":{\"corona_definitiva_CMC\":true}}}},\"36_\":{\"part\":{},\"state\":{\"corona_definitiva\":{\"option\":{\"corona_definitiva_CMC\":true}},\"implante\":true}},\"41_\":{\"part\":{},\"state\":{\"corona_definitiva\":{\"option\":{\"corona_definitiva_CMC\":true}}}},\"44_\":{\"part\":{},\"state\":{\"corona_definitiva\":{\"option\":{\"corona_definitiva_CMC\":true}}}},\"46_\":{\"part\":{},\"state\":{\"corona_definitiva\":{\"option\":{\"corona_definitiva_CMC\":true}}}},\"25_\":{\"part\":{\"parts-4\":{\"restauracion\":true},\"parts-1-type-3\":{\"restauracion\":true},\"parts-2-type-3\":{\"restauracion\":true},\"parts-1\":{\"restauracion\":true}},\"state\":{\"corona_definitiva\":{\"option\":{}},\"restauracion\":{\"option\":{\"restauracion_IE\":true}}}},\"24_\":{\"part\":{},\"state\":{\"corona_definitiva\":{\"option\":{\"corona_definitiva_CC\":true}}}},\"13_\":{\"part\":{\"parts-3\":{\"restauracion\":true},\"parts-2\":{\"restauracion\":true}},\"state\":{\"restauracion\":{\"option\":{\"restauracion_R\":true}}}},\"12_\":{\"part\":{\"parts-3\":{\"restauracion\":true}},\"state\":{\"restauracion\":{\"option\":{\"restauracion_R\":true}}}},\"22_\":{\"part\":{\"parts-3\":{\"restauracion\":true},\"type-2\":{\"restauracion\":true},\"parts-4\":{\"restauracion\":true}},\"state\":{\"restauracion\":{\"option\":{\"restauracion_R\":true}}}},\"27_\":{\"part\":{\"parts-2-type-2\":{\"restauracion\":true},\"parts-3-type-2\":{\"restauracion\":true}},\"state\":{\"restauracion\":{\"option\":{\"restauracion_R\":true}}}},\"23_\":{\"part\":{\"parts-2\":{\"restauracion\":true}},\"state\":{\"restauracion\":{\"option\":{\"restauracion_R\":true}}}},\"47_\":{\"part\":{\"parts-1-type-2\":{\"restauracion\":true},\"parts-4-type-2\":{\"restauracion\":true},\"parts-2-type-2\":{\"restauracion\":true},\"parts-3-type-2\":{\"restauracion\":true}},\"state\":{\"restauracion\":{\"option\":{\"restauracion_R\":true}}}},\"48_\":{\"part\":{\"parts-2-type-1\":{\"restauracion\":true},\"parts-5-type-1\":{\"restauracion\":true},\"parts-4-type-1\":{\"restauracion\":true},\"parts-1-type-1\":{\"restauracion\":true},\"parts-3-type-1\":{\"restauracion\":true},\"parts-6-type-1\":{\"restauracion\":true}},\"state\":{\"restauracion\":{\"option\":{\"restauracion_R\":true}}}},\"18_\":{\"part\":{},\"state\":{\"diente_ausente\":true}},\"17_\":{\"part\":{},\"state\":{\"diente_ausente\":true}},\"28_\":{\"part\":{},\"state\":{\"diente_ausente\":true}},\"especificaciones\":\"Presencia de placa.\",\"45_\":{\"part\":{},\"state\":{\"diente_ausente\":true}},\"35_\":{\"part\":{},\"state\":{\"diente_ausente\":true}}}','[]','2021-01-04 15:02:11','2021-01-04 15:21:01'),(13,'Dayana Margarita','salgado garate',NULL,'72130085','957713346','jenygarate8@gmail.com',NULL,'Tue Sep 06 2005 00:00:00 GMT-0500 (hora estándar de Perú)','undefined',NULL,'{\"28_\":{\"part\":{},\"state\":{\"diemte_extraido\":true}},\"38_\":{\"part\":{},\"state\":{\"diemte_extraido\":true}},\"16_\":{\"part\":{},\"state\":{\"ap_ortodontico_fijo_malo\":{\"start\":true,\"middle\":false,\"end\":false}}},\"26_\":{\"part\":{},\"state\":{\"ap_ortodontico_fijo_malo\":{\"start\":false,\"middle\":false,\"end\":true}}},\"15_\":{\"part\":{},\"state\":{\"ap_ortodontico_fijo_malo\":{\"start\":false,\"middle\":true,\"end\":false}}},\"14_\":{\"part\":{},\"state\":{\"ap_ortodontico_fijo_malo\":{\"start\":false,\"middle\":true,\"end\":false}}},\"13_\":{\"part\":{},\"state\":{\"ap_ortodontico_fijo_malo\":{\"start\":false,\"middle\":true,\"end\":false}}},\"12_\":{\"part\":{},\"state\":{\"ap_ortodontico_fijo_malo\":{\"start\":false,\"middle\":true,\"end\":false}}},\"11_\":{\"part\":{},\"state\":{\"ap_ortodontico_fijo_malo\":{\"start\":false,\"middle\":true,\"end\":false}}},\"21_\":{\"part\":{},\"state\":{\"ap_ortodontico_fijo_malo\":{\"start\":false,\"middle\":true,\"end\":false}}},\"22_\":{\"part\":{},\"state\":{\"ap_ortodontico_fijo_malo\":{\"start\":false,\"middle\":true,\"end\":false}}},\"23_\":{\"part\":{},\"state\":{\"ap_ortodontico_fijo_malo\":{\"start\":false,\"middle\":true,\"end\":false}}},\"24_\":{\"part\":{},\"state\":{\"ap_ortodontico_fijo_malo\":{\"start\":false,\"middle\":true,\"end\":false}}},\"25_\":{\"part\":{},\"state\":{\"ap_ortodontico_fijo_malo\":{\"start\":false,\"middle\":true,\"end\":false}}},\"18_\":{\"part\":{},\"state\":{\"diemte_extraido\":true}},\"48_\":{\"part\":{},\"state\":{\"diemte_extraido\":true}},\"46_\":{\"part\":{},\"state\":{\"ap_ortodontico_fijo_malo\":{\"start\":true,\"middle\":false,\"end\":false}}},\"36_\":{\"part\":{},\"state\":{\"ap_ortodontico_fijo_malo\":{\"start\":false,\"middle\":false,\"end\":true}}},\"45_\":{\"part\":{},\"state\":{\"ap_ortodontico_fijo_malo\":{\"start\":false,\"middle\":true,\"end\":false}}},\"44_\":{\"part\":{},\"state\":{\"ap_ortodontico_fijo_malo\":{\"start\":false,\"middle\":true,\"end\":false}}},\"43_\":{\"part\":{},\"state\":{\"ap_ortodontico_fijo_malo\":{\"start\":false,\"middle\":true,\"end\":false}}},\"42_\":{\"part\":{},\"state\":{\"ap_ortodontico_fijo_malo\":{\"start\":false,\"middle\":true,\"end\":false}}},\"41_\":{\"part\":{},\"state\":{\"ap_ortodontico_fijo_malo\":{\"start\":false,\"middle\":true,\"end\":false}}},\"31_\":{\"part\":{},\"state\":{\"ap_ortodontico_fijo_malo\":{\"start\":false,\"middle\":true,\"end\":false}}},\"32_\":{\"part\":{},\"state\":{\"ap_ortodontico_fijo_malo\":{\"start\":false,\"middle\":true,\"end\":false}}},\"33_\":{\"part\":{},\"state\":{\"ap_ortodontico_fijo_malo\":{\"start\":false,\"middle\":true,\"end\":false}}},\"34_\":{\"part\":{},\"state\":{\"ap_ortodontico_fijo_malo\":{\"start\":false,\"middle\":true,\"end\":false}}},\"35_\":{\"part\":{},\"state\":{\"ap_ortodontico_fijo_malo\":{\"start\":false,\"middle\":true,\"end\":false}}},\"especificaciones\":\"Presencia de placa bacteriana\"}','[]','2021-01-04 21:33:32','2021-01-05 14:11:54'),(15,'Janette Felicitas','Berríos Téllez',NULL,'29295890','959387799','undefined',NULL,'Tue Nov 20 1962 00:00:00 GMT-0500 (hora estándar de Perú)','undefined',NULL,'{\"18_\":{\"part\":{},\"state\":{\"diente_ausente\":true}},\"17_\":{\"part\":{\"parts-2-type-2\":{\"restauracion\":true},\"parts-3-type-2\":{\"restauracion\":true}},\"state\":{\"restauracion\":{\"option\":{\"restauracion_AM\":true}}}},\"16_\":{\"part\":{\"parts-1-type-2\":{\"restauracion\":true},\"parts-4-type-2\":{\"restauracion\":true},\"parts-3-type-2\":{\"restauracion\":true},\"parts-1\":{\"restauracion\":false},\"parts-4\":{\"restauracion\":true},\"parts-2-type-2\":{\"restauracion\":true},\"parts-2\":{\"restauracion\":false},\"parts-3\":{\"restauracion\":true}},\"state\":{\"restauracion\":{\"option\":{\"restauracion_AM\":true}}}},\"15_\":{\"part\":{},\"state\":{\"diente_ausente\":true}},\"14_\":{\"part\":{\"parts-2-type-3\":{\"restauracion\":true},\"parts-1-type-3\":{\"restauracion\":false},\"parts-1\":{\"restauracion\":true}},\"state\":{\"restauracion\":{\"option\":{\"restauracion_R\":true}}}},\"12_\":{\"part\":{\"parts-3\":{\"restauracion\":true}},\"state\":{\"restauracion\":{\"option\":{\"restauracion_AM\":true}}}},\"11_\":{\"part\":{},\"state\":{\"corona_definitiva\":{\"option\":{\"corona_definitiva_CMC\":true}}}},\"21_\":{\"part\":{},\"state\":{\"corona_definitiva\":{\"option\":{\"corona_definitiva_CMC\":true}}}},\"24_\":{\"part\":{},\"state\":{\"protesis_fija_malo\":{\"start\":true,\"middle\":false,\"end\":false},\"trat_pulpar_malo\":{\"option\":{}}}},\"26_\":{\"part\":{},\"state\":{\"protesis_fija_malo\":{\"start\":false,\"middle\":false,\"end\":true}}},\"25_\":{\"part\":{},\"state\":{\"protesis_fija_malo\":{\"start\":false,\"middle\":true,\"end\":false}}},\"27_\":{\"part\":{},\"state\":{\"diente_ausente\":true}},\"28_\":{\"part\":{},\"state\":{\"diente_ausente\":true}},\"37_\":{\"part\":{},\"state\":{\"diente_ausente\":true}},\"38_\":{\"part\":{},\"state\":{\"diente_ausente\":true}},\"36_\":{\"part\":{\"parts-1-type-4\":{\"restauracion\":true},\"parts-4-type-4\":{\"restauracion\":true},\"parts-4\":{\"restauracion\":false},\"parts-2\":{\"restauracion\":true},\"parts-2-type-4\":{\"restauracion\":true}},\"state\":{\"restauracion\":{\"option\":{\"restauracion_AM\":true}}}},\"35_\":{\"part\":{\"parts-1-type-3\":{\"restauracion\":true},\"parts-2-type-3\":{\"restauracion\":true}},\"state\":{\"restauracion\":{\"option\":{\"restauracion_AM\":true}}}},\"47_\":{\"part\":{\"parts-3-type-2\":{\"restauracion\":true},\"parts-1-type-2\":{\"restauracion\":true},\"parts-4\":{\"restauracion\":true},\"parts-2-type-2\":{\"restauracion\":true},\"parts-4-type-2\":{\"restauracion\":true}},\"state\":{\"restauracion\":{\"option\":{\"restauracion_R\":true}}}},\"48_\":{\"part\":{},\"state\":{\"diente_ausente\":true}},\"46_\":{\"part\":{},\"state\":{\"corona_temporal\":{\"option\":{}}}},\"45_\":{\"part\":{},\"state\":{\"corona_temporal\":{\"option\":{}}}},\"especificaciones\":\"Placa bacterial\"}','{\"r4_text\":\"Hormona Toroidal\"}','2021-01-05 16:07:17','2021-01-05 16:14:38'),(16,'Annelice','Rodriguez Cervantez',NULL,'45792801','994686660','annelisce@hotmail.com',NULL,'Thu Mar 30 1989 00:00:00 GMT-0500 (hora estándar de Perú)','undefined',NULL,'{\"11_\":{\"part\":{\"parts-2\":{\"restauracion\":true}},\"state\":{\"restauracion\":{\"option\":{\"restauracion_R\":true}}}},\"21_\":{\"part\":{\"parts-2\":{\"restauracion\":true}},\"state\":{\"restauracion\":{\"option\":{\"restauracion_R\":true}}}},\"26_\":{\"part\":{\"parts-3-type-2\":{\"restauracion\":true},\"parts-2-type-2\":{\"restauracion\":true},\"parts-1\":{\"restauracion\":true},\"parts-2\":{\"restauracion\":true}},\"state\":{\"restauracion\":{\"option\":{\"restauracion_R\":true}}}},\"37_\":{\"part\":{\"parts-3\":{\"restauracion\":true}},\"state\":{\"restauracion\":{\"option\":{\"restauracion_R\":true}}}},\"47_\":{\"part\":{\"parts-3\":{\"restauracion\":true}},\"state\":{\"restauracion\":{\"option\":{\"restauracion_R\":true}}}},\"24_\":{\"part\":{},\"state\":{\"corona_definitiva\":{\"option\":{\"corona_definitiva_CMC\":true}}}},\"38_\":{\"part\":{},\"state\":{\"diente_ausente\":true}},\"48_\":{\"part\":{},\"state\":{\"diente_ausente\":true}},\"27_\":{\"part\":{\"parts-1-type-2\":{\"caries\":true},\"parts-4-type-2\":{\"caries\":true},\"parts-3-type-2\":{\"caries\":true}}},\"46_\":{\"part\":{\"parts-1-type-4\":{\"caries\":true},\"parts-3\":{\"caries\":true},\"parts-4-type-4\":{\"caries\":true},\"parts-3-type-4\":{\"caries\":true},\"parts-2-type-4\":{\"caries\":true},\"parts-5-type-4\":{\"caries\":true}}},\"especificaciones\":\"Presencia de placa\"}','{\"r4_text\":\"Aspirina\"}','2021-01-07 16:25:39','2021-01-07 16:30:05'),(17,'Ramiro','Zorrilla Arrendón',NULL,'41568378','974210571','rzorrilla@talmaperu.com.pe',NULL,'Wed Nov 24 1982 00:00:00 GMT-0500 (hora estándar de Perú)','undefined',NULL,'{\"17_\":{\"part\":{\"parts-4-type-2\":{\"restauracion\":true},\"parts-1-type-2\":{\"restauracion\":true},\"parts-3-type-2\":{\"restauracion\":true},\"parts-2-type-2\":{\"restauracion\":true}},\"state\":{\"restauracion\":{\"option\":{\"restauracion_R\":true}}}},\"15_\":{\"part\":{\"parts-1-type-3\":{\"restauracion\":true},\"parts-2-type-3\":{\"restauracion\":true}},\"state\":{\"restauracion\":{\"option\":{\"restauracion_R\":true}}}},\"25_\":{\"part\":{\"parts-1-type-3\":{\"restauracion\":true},\"parts-2-type-3\":{\"restauracion\":true}},\"state\":{\"restauracion\":{\"option\":{\"restauracion_R\":true}}}},\"27_\":{\"part\":{\"parts-3-type-2\":{\"restauracion\":true},\"parts-1-type-2\":{\"restauracion\":true},\"parts-2-type-2\":{\"restauracion\":true},\"parts-4-type-2\":{\"restauracion\":true}},\"state\":{\"restauracion\":{\"option\":{\"restauracion_R\":true}}}},\"38_\":{\"part\":{\"parts-5-type-1\":{\"restauracion\":true},\"parts-2-type-1\":{\"restauracion\":true},\"parts-1-type-1\":{\"restauracion\":true},\"parts-3\":{\"restauracion\":true}},\"state\":{\"restauracion\":{\"option\":{\"restauracion_R\":true}}}},\"36_\":{\"part\":{\"parts-4-type-4\":{\"restauracion\":true},\"parts-5-type-4\":{\"restauracion\":true},\"parts-2-type-4\":{\"restauracion\":true},\"parts-1-type-4\":{\"restauracion\":true},\"parts-3-type-4\":{\"restauracion\":true},\"parts-3\":{\"restauracion\":true}},\"state\":{\"restauracion\":{\"option\":{\"restauracion_R\":true}}}},\"47_\":{\"part\":{\"parts-3\":{\"restauracion\":true},\"parts-4-type-2\":{\"restauracion\":true},\"parts-1-type-2\":{\"restauracion\":true},\"parts-3-type-2\":{\"restauracion\":true},\"parts-2-type-2\":{\"restauracion\":true}},\"state\":{\"restauracion\":{\"option\":{\"restauracion_R\":true}}}},\"48_\":{\"part\":{\"parts-2-type-1\":{\"restauracion\":true},\"parts-6-type-1\":{\"restauracion\":true},\"parts-5-type-1\":{\"restauracion\":true},\"parts-3\":{\"restauracion\":true},\"parts-1-type-1\":{\"restauracion\":true},\"parts-4-type-1\":{\"restauracion\":true},\"parts-3-type-1\":{\"restauracion\":true}},\"state\":{\"restauracion\":{\"option\":{\"restauracion_R\":true}}}},\"16_\":{\"part\":{\"parts-2-type-2\":{\"restauracion\":true},\"parts-2\":{\"restauracion\":false},\"parts-1-type-2\":{\"restauracion\":true},\"parts-3-type-2\":{\"restauracion\":true},\"parts-4-type-2\":{\"restauracion\":true},\"parts-4\":{\"restauracion\":true},\"parts-3\":{\"restauracion\":true},\"parts-1\":{\"restauracion\":false}},\"state\":{\"restauracion\":{\"option\":{\"restauracion_IE\":true}}}},\"18_\":{\"part\":{},\"state\":{\"diente_ausente\":true}},\"26_\":{\"part\":{},\"state\":{\"diente_ausente\":false}},\"37_\":{\"part\":{},\"state\":{\"diente_ausente\":true}},\"46_\":{\"part\":{},\"state\":{\"diente_ausente\":true}},\"14_\":{\"part\":{\"parts-1-type-3\":{\"caries\":true},\"parts-2-type-3\":{\"caries\":true}}}}','{}','2021-01-07 17:22:54','2021-01-07 17:29:17'),(18,'Marianela','Aponte Yaguile',NULL,'29553068','977768523','aguiadiiloma@hotmail.com',NULL,'Thu Jun 01 1972 00:00:00 GMT-0500 (hora estándar de Perú)','undefined',NULL,'{\"18_\":{\"part\":{\"parts-5-type-1\":{\"restauracion\":true},\"parts-2-type-1\":{\"restauracion\":true},\"parts-3-type-1\":{\"restauracion\":true},\"parts-6-type-1\":{\"restauracion\":true}},\"state\":{\"restauracion\":{\"option\":{\"restauracion_AM\":true}}}},\"16_\":{\"part\":{\"parts-2-type-2\":{\"restauracion\":true,\"caries\":false},\"parts-3-type-2\":{\"restauracion\":true,\"caries\":false},\"parts-1-type-2\":{\"restauracion\":true},\"parts-4-type-2\":{\"restauracion\":true,\"caries\":false}},\"state\":{\"restauracion\":{\"option\":{\"restauracion_AM\":true}}}},\"46_\":{\"part\":{\"parts-1-type-4\":{\"restauracion\":true},\"parts-4-type-4\":{\"restauracion\":true},\"parts-1\":{\"restauracion\":true},\"parts-2-type-4\":{\"restauracion\":true}},\"state\":{\"restauracion\":{\"option\":{\"restauracion_AM\":true}}}},\"17_\":{\"part\":{\"parts-2-type-2\":{\"restauracion\":true},\"parts-4-type-2\":{\"restauracion\":true},\"parts-3-type-2\":{\"restauracion\":true},\"parts-1-type-2\":{\"restauracion\":true}},\"state\":{\"restauracion\":{\"option\":{\"restauracion_R\":true}}}},\"14_\":{\"part\":{\"parts-1-type-3\":{\"restauracion\":true},\"parts-2-type-3\":{\"restauracion\":true},\"parts-1\":{\"restauracion\":true}},\"state\":{\"restauracion\":{\"option\":{\"restauracion_R\":true}}}},\"24_\":{\"part\":{\"parts-2-type-3\":{\"restauracion\":true},\"parts-1-type-3\":{\"restauracion\":true},\"parts-4\":{\"restauracion\":true}},\"state\":{\"restauracion\":{\"option\":{\"restauracion_R\":true}}}},\"37_\":{\"part\":{\"parts-4-type-2\":{\"restauracion\":true},\"parts-2-type-2\":{\"restauracion\":true},\"parts-1-type-2\":{\"restauracion\":true},\"parts-3-type-2\":{\"restauracion\":true}},\"state\":{\"restauracion\":{\"option\":{\"restauracion_R\":true}}}},\"44_\":{\"part\":{\"parts-2-type-3\":{\"restauracion\":true},\"parts-1-type-3\":{\"restauracion\":true}},\"state\":{\"restauracion\":{\"option\":{\"restauracion_R\":true}}}},\"45_\":{\"part\":{\"parts-2-type-3\":{\"restauracion\":true},\"parts-1-type-3\":{\"restauracion\":true}},\"state\":{\"restauracion\":{\"option\":{\"restauracion_R\":true}}}},\"47_\":{\"part\":{\"parts-3-type-2\":{\"restauracion\":true},\"parts-1-type-2\":{\"restauracion\":true},\"parts-2-type-2\":{\"restauracion\":true},\"parts-4-type-2\":{\"restauracion\":true}},\"state\":{\"restauracion\":{\"option\":{\"restauracion_R\":true}}}},\"48_\":{\"part\":{\"parts-2-type-1\":{\"restauracion\":true},\"parts-5-type-1\":{\"restauracion\":true},\"parts-3\":{\"restauracion\":true}},\"state\":{\"restauracion\":{\"option\":{\"restauracion_R\":true}}}},\"15_\":{\"part\":{\"parts-2-type-3\":{\"restauracion\":true},\"parts-1-type-3\":{\"restauracion\":true},\"parts-4\":{\"restauracion\":true}},\"state\":{\"restauracion\":{\"option\":{\"restauracion_IM\":true}}}},\"26_\":{\"part\":{\"parts-2-type-2\":{\"caries\":true},\"parts-1-type-2\":{\"caries\":true},\"parts-3-type-2\":{\"caries\":true},\"parts-4-type-2\":{\"caries\":true},\"parts-1\":{\"caries\":true},\"parts-3\":{\"caries\":true}},\"state\":{\"tratamiento_pulpar\":{\"option\":{\"tratamiento_pulpar_TC\":true}},\"perno_malo\":{\"option\":{\"perno_mm\":true}}}},\"28_\":{\"part\":{\"parts-2-type-1\":{\"caries\":true},\"parts-5-type-1\":{\"caries\":true},\"parts-4-type-1\":{\"caries\":true},\"parts-1-type-1\":{\"caries\":true},\"parts-3-type-1\":{\"caries\":true},\"parts-6-type-1\":{\"caries\":true}}},\"36_\":{\"part\":{\"parts-1-type-4\":{\"caries\":true},\"parts-3-type-4\":{\"caries\":true},\"parts-4-type-4\":{\"caries\":true},\"parts-2-type-4\":{\"caries\":true},\"parts-2\":{\"caries\":true},\"parts-1\":{\"caries\":true},\"parts-5-type-4\":{\"caries\":true}},\"state\":{\"perno_malo\":{\"option\":{\"perno_mf\":true}},\"tratamiento_pulpar\":{\"option\":{\"tratamiento_pulpar_TC\":true}}}},\"especificaciones\":\"Profilaxis.Pieza 26_ Tratamiento Pulpar TC\\nPieza 36_ Tratamiento Pulpar TC\\n\"}','[]','2021-01-11 14:50:18','2021-01-11 15:22:33'),(19,'Daniel Gerardo','Palomino Condori',NULL,'72458553','955437740','undefined',NULL,'Tue Aug 12 1997 00:00:00 GMT-0500 (hora estándar de Perú)','undefined',NULL,'{\"18_\":{\"part\":{},\"state\":{\"diemte_extraido\":true}},\"28_\":{\"part\":{},\"state\":{\"diemte_extraido\":true}},\"26_\":{\"part\":{\"parts-3-type-2\":{\"caries\":true},\"parts-4-type-2\":{\"caries\":true},\"parts-3\":{\"caries\":true}}},\"especificaciones\":\"Placa blanda y placa dura\"}','{}','2021-01-15 15:27:04','2021-01-15 16:26:05'),(20,'Genoveva Rosa','Carpio Soto','DNI','29700837','987862864','undefined',NULL,'Tue Jan 03 1961 00:00:00 GMT-0500 (hora estándar de Perú)','undefined',NULL,NULL,'undefined','2021-01-16 17:52:21','2021-01-16 17:52:21'),(21,'Norma Celie','Huamani Sacsi','undefined','73348845','977381720','undefined',NULL,'Invalid Date','undefined',NULL,NULL,'[]','2021-02-09 15:48:15','2021-02-27 15:42:19'),(22,'Yosebit','Zamora Cajamarca',NULL,'76696089','983155990','yz.01@hotmail.com',NULL,'Fri Apr 04 1997 00:00:00 GMT-0500 (hora estándar de Perú)','undefined',NULL,'{\"17_\":{\"part\":{\"parts-2-type-2\":{\"restauracion\":true},\"parts-3-type-2\":{\"restauracion\":true},\"parts-1-type-2\":{\"restauracion\":true},\"parts-4-type-2\":{\"restauracion\":true}},\"state\":{\"restauracion\":{\"option\":{\"restauracion_R\":true}}}},\"16_\":{\"part\":{\"parts-2-type-2\":{\"restauracion\":true},\"parts-1-type-2\":{\"restauracion\":true},\"parts-3-type-2\":{\"restauracion\":true},\"parts-4-type-2\":{\"restauracion\":true},\"parts-3\":{\"restauracion\":false},\"parts-2\":{\"restauracion\":true}},\"state\":{\"restauracion\":{\"option\":{\"restauracion_R\":true}}}},\"15_\":{\"part\":{\"parts-2-type-3\":{\"restauracion\":true},\"parts-1-type-3\":{\"restauracion\":true}},\"state\":{\"restauracion\":{\"option\":{\"restauracion_R\":true}}}},\"14_\":{\"part\":{\"parts-1-type-3\":{\"restauracion\":true},\"parts-2-type-3\":{\"restauracion\":true}},\"state\":{\"restauracion\":{\"option\":{\"restauracion_R\":true}}}},\"26_\":{\"part\":{\"parts-2-type-2\":{\"restauracion\":true},\"parts-4-type-2\":{\"restauracion\":true},\"parts-3-type-2\":{\"restauracion\":true},\"parts-1-type-2\":{\"restauracion\":true},\"parts-2\":{\"restauracion\":true}},\"state\":{\"restauracion\":{\"option\":{\"restauracion_R\":true}}}},\"27_\":{\"part\":{\"parts-2-type-2\":{\"restauracion\":true},\"parts-3-type-2\":{\"restauracion\":true},\"parts-4-type-2\":{\"restauracion\":true},\"parts-1-type-2\":{\"restauracion\":true}},\"state\":{\"restauracion\":{\"option\":{\"restauracion_R\":true}}}},\"11_\":{\"part\":{\"parts-4\":{\"caries\":true}}},\"21_\":{\"part\":{\"parts-1\":{\"caries\":true}}},\"24_\":{\"part\":{\"parts-1-type-3\":{\"caries\":false},\"parts-2-type-3\":{\"caries\":false},\"parts-3\":{\"caries\":true}}},\"25_\":{\"part\":{\"parts-1-type-3\":{\"caries\":false},\"parts-2-type-3\":{\"caries\":false},\"parts-3\":{\"caries\":true}}},\"37_\":{\"part\":{\"parts-1-type-2\":{\"caries\":true},\"parts-2-type-2\":{\"caries\":true},\"parts-4-type-2\":{\"caries\":true},\"parts-3-type-2\":{\"caries\":true}}},\"36_\":{\"part\":{\"parts-4-type-4\":{\"caries\":true},\"parts-1-type-4\":{\"caries\":true},\"parts-2-type-4\":{\"caries\":true},\"parts-3-type-4\":{\"caries\":true},\"parts-2\":{\"caries\":false},\"parts-3\":{\"caries\":true}},\"state\":{\"trat_pulpar_malo\":{\"option\":{\"tratamiento_pulpar_tc_r\":true}}}},\"35_\":{\"part\":{\"parts-2-type-3\":{\"caries\":false},\"parts-1-type-3\":{\"caries\":false}}},\"46_\":{\"part\":{\"parts-4-type-4\":{\"caries\":true},\"parts-1-type-4\":{\"caries\":true},\"parts-2-type-4\":{\"caries\":true},\"parts-2\":{\"caries\":false},\"parts-3-type-4\":{\"caries\":true},\"parts-5-type-4\":{\"caries\":true},\"parts-3\":{\"caries\":true}}},\"47_\":{\"part\":{\"parts-2-type-2\":{\"caries\":true},\"parts-3-type-2\":{\"caries\":true},\"parts-2\":{\"caries\":false},\"parts-3\":{\"caries\":true}}},\"18_\":{\"part\":{},\"state\":{\"diente_ausente\":true}},\"28_\":{\"part\":{},\"state\":{\"diente_ausente\":true}},\"38_\":{\"part\":{},\"state\":{\"diente_ausente\":true}},\"48_\":{\"part\":{},\"state\":{\"diemte_extraido\":true}}}','[]','2021-02-15 16:27:30','2021-03-22 21:51:01'),(23,'Rommy Melisa','Martínez Tejada',NULL,'29733048','978519803','febrildistribuciones@gmail.com',NULL,'Sun Jul 02 1978 00:00:00 GMT-0500 (hora estándar de Perú)','undefined',NULL,'{\"18_\":{\"part\":{\"parts-5-type-1\":{\"caries\":true},\"parts-2-type-1\":{\"caries\":true},\"parts-1-type-1\":{\"caries\":true},\"parts-3-type-1\":{\"caries\":true},\"parts-6-type-1\":{\"caries\":true},\"parts-4-type-1\":{\"caries\":true}}},\"16_\":{\"part\":{\"parts-1-type-2\":{\"restauracion\":true},\"parts-3-type-2\":{\"restauracion\":true},\"parts-4-type-2\":{\"restauracion\":true},\"parts-2-type-2\":{\"restauracion\":true}},\"state\":{\"restauracion\":{\"option\":{\"restauracion_AM\":true}}}},\"14_\":{\"part\":{\"parts-1-type-3\":{\"restauracion\":true},\"parts-2-type-3\":{\"restauracion\":true}},\"state\":{\"restauracion\":{\"option\":{\"restauracion_AM\":true}}}},\"27_\":{\"part\":{\"parts-3-type-2\":{\"restauracion\":true},\"parts-1-type-2\":{\"restauracion\":true},\"parts-2-type-2\":{\"restauracion\":true},\"parts-4-type-2\":{\"restauracion\":true}},\"state\":{\"restauracion\":{\"option\":{\"restauracion_AM\":true}}}},\"25_\":{\"part\":{},\"state\":{\"corona_temporal\":{\"option\":{\"corona_temporal_cc\":true}}}},\"24_\":{\"part\":{},\"state\":{\"corona_temporal\":{\"option\":{\"corona_temporal_cc\":true}}}},\"46_\":{\"part\":{},\"state\":{\"corona_definitiva\":{\"option\":{}}}},\"36_\":{\"part\":{\"parts-2-type-4\":{\"restauracion\":true},\"parts-1-type-4\":{\"restauracion\":true},\"parts-5-type-4\":{\"restauracion\":true},\"parts-4-type-4\":{\"restauracion\":true}},\"state\":{}},\"37_\":{\"part\":{\"parts-2-type-2\":{\"restauracion\":true},\"parts-1-type-2\":{\"restauracion\":true},\"parts-3-type-2\":{\"restauracion\":true},\"parts-4-type-2\":{\"restauracion\":true}},\"state\":{}},\"especificaciones\":\"Presencia de placa\"}','{\"hipertension\":true,\"r4_text\":\"Endosartan, idocloriatatina\"}','2021-02-16 16:21:50','2021-02-16 16:24:22'),(24,'Patricia','Delgado Nakayabu',NULL,'29237494','959740453','patricia_jdn@yahoo.com',NULL,'Sat Nov 14 1959 00:00:00 GMT-0500 (hora estándar de Perú)','undefined',NULL,'{\"18_\":{\"part\":{\"parts-5-type-1\":{\"restauracion\":true},\"parts-2-type-1\":{\"restauracion\":true},\"parts-1-type-1\":{\"restauracion\":true},\"parts-4-type-1\":{\"restauracion\":true},\"parts-6-type-1\":{\"restauracion\":true},\"parts-3-type-1\":{\"restauracion\":true}},\"state\":{\"restauracion\":{\"option\":{\"restauracion_AM\":true}}}},\"17_\":{\"part\":{\"parts-3-type-2\":{\"restauracion\":true},\"parts-1-type-2\":{\"restauracion\":true},\"parts-2-type-2\":{\"restauracion\":true},\"parts-4-type-2\":{\"restauracion\":true}},\"state\":{\"restauracion\":{\"option\":{\"restauracion_R\":true}}}},\"16_\":{\"part\":{\"parts-1-type-2\":{\"caries\":true},\"parts-3-type-2\":{\"caries\":true},\"parts-4-type-2\":{\"caries\":true},\"parts-2-type-2\":{\"caries\":true},\"parts-3\":{\"caries\":false},\"parts-2\":{\"caries\":true}}},\"15_\":{\"part\":{\"parts-2-type-3\":{\"caries\":true},\"parts-1-type-3\":{\"caries\":true}},\"state\":{\"protesis_fija_malo\":{\"start\":true,\"middle\":false,\"end\":false}}},\"13_\":{\"part\":{},\"state\":{\"protesis_fija_malo\":{\"start\":false,\"middle\":false,\"end\":true}}},\"14_\":{\"part\":{},\"state\":{\"protesis_fija_malo\":{\"start\":false,\"middle\":true,\"end\":false}}},\"12_\":{\"part\":{},\"state\":{\"corona_definitiva\":{\"option\":{\"corona_definitiva_CMC\":true}}}},\"11_\":{\"part\":{},\"state\":{\"corona_definitiva\":{\"option\":{\"corona_definitiva_CMC\":true}}}},\"21_\":{\"part\":{},\"state\":{\"corona_definitiva\":{\"option\":{\"corona_definitiva_CMC\":true}}}},\"22_\":{\"part\":{},\"state\":{\"corona_definitiva\":{\"option\":{}}}},\"23_\":{\"part\":{},\"state\":{\"protesis_fija_buena\":{\"start\":true,\"middle\":false,\"end\":false}}},\"25_\":{\"part\":{},\"state\":{\"protesis_fija_buena\":{\"start\":false,\"middle\":false,\"end\":true}}},\"24_\":{\"part\":{},\"state\":{\"protesis_fija_buena\":{\"start\":false,\"middle\":true,\"end\":false}}},\"26_\":{\"part\":{\"parts-2-type-2\":{\"restauracion\":true},\"parts-4-type-2\":{\"restauracion\":true},\"parts-3-type-2\":{\"restauracion\":true},\"parts-1-type-2\":{\"restauracion\":true},\"parts-1\":{\"restauracion\":true}},\"state\":{\"restauracion\":{\"option\":{\"restauracion_R\":true}}}},\"28_\":{\"part\":{},\"state\":{\"diente_ausente\":true}},\"38_\":{\"part\":{},\"state\":{\"diente_ausente\":true}},\"37_\":{\"part\":{\"parts-2-type-2\":{\"caries\":true},\"parts-1-type-2\":{\"caries\":true},\"parts-3-type-2\":{\"caries\":true},\"parts-4-type-2\":{\"caries\":true},\"parts-3\":{\"caries\":true},\"parts-2\":{\"caries\":false}}},\"36_\":{\"part\":{\"parts-4-type-4\":{\"caries\":true},\"parts-1-type-4\":{\"caries\":true},\"parts-2-type-4\":{\"caries\":true},\"parts-3-type-4\":{\"caries\":true},\"parts-5-type-4\":{\"caries\":true},\"parts-2\":{\"caries\":false},\"parts-3\":{\"caries\":true}}},\"35_\":{\"part\":{\"parts-2\":{\"caries\":false}}},\"34_\":{\"part\":{\"parts-2\":{\"caries\":false},\"parts-2-type-3\":{\"caries\":false},\"parts-3\":{\"caries\":true}}},\"33_\":{\"part\":{\"parts-2\":{\"caries\":false},\"parts-3\":{\"caries\":true}}},\"43_\":{\"part\":{\"parts-2\":{\"caries\":false},\"parts-3\":{\"caries\":true}}},\"44_\":{\"part\":{\"parts-1-type-3\":{\"restauracion\":true},\"parts-2-type-3\":{\"restauracion\":true},\"parts-2\":{\"caries\":false},\"parts-3\":{\"caries\":true}},\"state\":{\"restauracion\":{\"option\":{\"restauracion_R\":true}}}},\"45_\":{\"part\":{\"parts-1-type-3\":{\"restauracion\":true},\"parts-2-type-3\":{\"restauracion\":true}},\"state\":{\"restauracion\":{\"option\":{\"restauracion_R\":true}}}},\"46_\":{\"part\":{\"parts-4-type-4\":{\"restauracion\":true},\"parts-1-type-4\":{\"restauracion\":true},\"parts-2-type-4\":{\"restauracion\":true},\"parts-5-type-4\":{\"restauracion\":true},\"parts-3-type-4\":{\"restauracion\":true}},\"state\":{\"restauracion\":{\"option\":{\"restauracion_R\":true}}}},\"47_\":{\"part\":{\"parts-1-type-2\":{\"caries\":true},\"parts-4-type-2\":{\"caries\":true},\"parts-2-type-2\":{\"caries\":true},\"parts-3-type-2\":{\"caries\":true},\"parts-2\":{\"caries\":false},\"parts-3\":{\"caries\":true}}}}','{\"r4_text\":\"Propafenona 150ml-bisoprolol\",\"alergiaff_text\":\"AINES\"}','2021-02-20 14:54:12','2021-02-20 15:11:14'),(25,'Martin Larry','Rosado Linares','DNI','29666930','950665744','undefined',NULL,'Wed Nov 11 1953 00:00:00 GMT-0500 (hora estándar de Perú)','undefined',NULL,NULL,'{\"hipertension\":true,\"r4\":true,\"r1\":true}','2021-03-03 17:25:38','2021-03-03 17:25:38'),(26,'Luis Alberto','Espezua Pinazo',NULL,'72119440','951413800','luisep.25.05@gmail.com',NULL,'Thu May 25 1995 00:00:00 GMT-0500 (hora estándar de Perú)','undefined',NULL,'undefined','{}','2021-03-05 18:33:08','2021-03-05 18:33:28'),(27,'Martina Sabina','Jara Begazo','DNI','29332689','953282143','undefined',NULL,'Tue Jan 30 1962 00:00:00 GMT-0500 (hora estándar de Perú)','undefined',NULL,NULL,'{\"hipertension\":true,\"r4_text\":\"Enalapril\"}','2021-03-09 13:58:56','2021-03-09 13:58:56'),(28,'Christian Alonso','vega cervantes',NULL,'43287657','958168771','christianvg8@gmail.com',NULL,'Tue Oct 08 1985 00:00:00 GMT-0500 (hora estándar de Perú)','undefined',NULL,'{\"17_\":{\"part\":{\"parts-1-type-2\":{\"restauracion\":true},\"parts-3-type-2\":{\"restauracion\":true},\"parts-4-type-2\":{\"restauracion\":true},\"parts-2-type-2\":{\"restauracion\":true}},\"state\":{\"restauracion\":{\"option\":{\"restauracion_R\":true}}}},\"16_\":{\"part\":{\"parts-4-type-2\":{\"restauracion\":true},\"parts-3-type-2\":{\"restauracion\":true},\"parts-1-type-2\":{\"restauracion\":true},\"parts-2-type-2\":{\"restauracion\":true}},\"state\":{\"restauracion\":{\"option\":{\"restauracion_R\":true}}}},\"14_\":{\"part\":{\"parts-2-type-3\":{\"restauracion\":true},\"parts-1-type-3\":{\"restauracion\":true},\"parts-1\":{\"restauracion\":true}},\"state\":{\"restauracion\":{\"option\":{\"restauracion_R\":true}}}},\"11_\":{\"part\":{\"parts-2\":{\"restauracion\":true}},\"state\":{\"restauracion\":{\"option\":{\"restauracion_R\":true}}}},\"26_\":{\"part\":{\"parts-3-type-2\":{\"restauracion\":true,\"caries\":false},\"parts-1-type-2\":{\"restauracion\":true},\"parts-2-type-2\":{\"restauracion\":true},\"parts-4-type-2\":{\"restauracion\":true}},\"state\":{\"restauracion\":{\"option\":{\"restauracion_R\":true}}}},\"27_\":{\"part\":{\"parts-2-type-2\":{\"restauracion\":true},\"parts-1-type-2\":{\"restauracion\":true},\"parts-3-type-2\":{\"restauracion\":true},\"parts-4-type-2\":{\"restauracion\":true}},\"state\":{\"restauracion\":{\"option\":{\"restauracion_R\":true}}}},\"37_\":{\"part\":{\"parts-3-type-2\":{\"restauracion\":true},\"parts-2-type-2\":{\"restauracion\":true},\"parts-4-type-2\":{\"caries\":true},\"parts-1-type-2\":{\"caries\":true}},\"state\":{\"restauracion\":{\"option\":{\"restauracion_R\":true}}}},\"47_\":{\"part\":{\"parts-3-type-2\":{\"restauracion\":true},\"parts-1-type-2\":{\"restauracion\":true},\"parts-2-type-2\":{\"restauracion\":true},\"parts-4-type-2\":{\"restauracion\":true}},\"state\":{\"restauracion\":{\"option\":{\"restauracion_R\":true}}}},\"18_\":{\"part\":{},\"state\":{\"diemte_extraido\":true}},\"28_\":{\"part\":{},\"state\":{\"diemte_extraido\":true}},\"48_\":{\"part\":{},\"state\":{\"diente_ausente\":true}},\"38_\":{\"part\":{},\"state\":{\"diente_ausente\":true}},\"15_\":{\"part\":{\"parts-1-type-3\":{\"caries\":true},\"parts-2-type-3\":{\"caries\":true},\"parts-1\":{\"caries\":true},\"parts-4\":{\"caries\":true}}},\"21_\":{\"part\":{\"parts-3\":{\"caries\":true},\"type-2\":{\"caries\":false},\"parts-1\":{\"caries\":true}}},\"22_\":{\"part\":{\"parts-1\":{\"caries\":true}}},\"25_\":{\"part\":{\"parts-2-type-3\":{\"caries\":true},\"parts-1\":{\"caries\":true},\"parts-1-type-3\":{\"caries\":true},\"parts-4\":{\"caries\":true}}}}','[]','2021-03-09 14:36:00','2021-03-22 16:30:02'),(29,'Luis Rene','Diaz Canazas','DNI','44383882','958344977','luisdc57@gmail.com',NULL,'Thu May 07 1987 00:00:00 GMT-0500 (hora estándar de Perú)','undefined',NULL,NULL,'undefined','2021-03-17 14:17:20','2021-03-17 14:17:20'),(30,'Blanca Carolina','Acuña Vásquez',NULL,'70014094','998877985','blancarolina4@gmail.com',NULL,'Mon Mar 04 1996 00:00:00 GMT-0500 (hora estándar de Perú)','undefined',NULL,'{\"17_\":{\"part\":{\"parts-4-type-2\":{\"caries\":true},\"parts-1-type-2\":{\"caries\":true}}},\"16_\":{\"part\":{\"parts-4-type-2\":{\"caries\":true},\"parts-1-type-2\":{\"caries\":true},\"parts-4\":{\"caries\":true}}},\"26_\":{\"part\":{\"parts-3-type-2\":{\"caries\":true},\"parts-2-type-2\":{\"caries\":true}}},\"37_\":{\"part\":{\"parts-3-type-2\":{\"caries\":true},\"parts-2-type-2\":{\"caries\":true}}},\"14_\":{\"part\":{\"parts-2-type-3\":{\"restauracion\":true},\"parts-1-type-3\":{\"restauracion\":true}},\"state\":{\"restauracion\":{\"option\":{\"restauracion_R\":true}}}},\"24_\":{\"part\":{\"parts-1-type-3\":{\"restauracion\":true},\"parts-2-type-3\":{\"restauracion\":true}},\"state\":{\"restauracion\":{\"option\":{\"restauracion_R\":true}}}},\"27_\":{\"part\":{\"parts-2-type-2\":{\"restauracion\":true},\"parts-3-type-2\":{\"restauracion\":true}},\"state\":{\"restauracion\":{\"option\":{\"restauracion_R\":true}}}},\"36_\":{\"part\":{\"parts-3-type-4\":{\"restauracion\":true},\"parts-1-type-4\":{\"restauracion\":true}},\"state\":{\"restauracion\":{\"option\":{\"restauracion_R\":true}}}},\"46_\":{\"part\":{\"parts-1-type-4\":{\"restauracion\":true},\"parts-4-type-4\":{\"restauracion\":true}},\"state\":{\"restauracion\":{\"option\":{\"restauracion_R\":true}}}},\"47_\":{\"part\":{\"parts-3-type-2\":{\"restauracion\":true},\"parts-2-type-2\":{\"restauracion\":true}},\"state\":{\"restauracion\":{\"option\":{\"restauracion_R\":true}}}},\"44_\":{\"part\":{},\"state\":{\"diente_ausente\":true}},\"48_\":{\"part\":{},\"state\":{\"diente_ausente\":true}},\"18_\":{\"part\":{},\"state\":{\"diente_ausente\":true}},\"38_\":{\"part\":{},\"state\":{\"diente_ausente\":true}},\"28_\":{\"part\":{},\"state\":{\"diente_ausente\":true}}}','{\"alteracion_endocrina\":true,\"r4_text\":\"metformina - levotiroxina\"}','2021-03-19 17:08:19','2021-03-19 17:10:34'),(31,'Karina','Sumire Concha','DNI','45044372','943536538','sumire.conta@gmail.com',NULL,'Thu Apr 28 1988 00:00:00 GMT-0500 (hora estándar de Perú)','undefined',NULL,NULL,'undefined','2021-03-22 23:31:31','2021-03-22 23:31:31'),(32,'Elizabeth','Haccha Huilla',NULL,'72027780','918309752','undefined',NULL,'Invalid Date','undefined',NULL,'{\"18_\":{\"part\":{},\"state\":{\"diente_ausente\":true}},\"48_\":{\"part\":{},\"state\":{\"diente_ausente\":true}},\"38_\":{\"part\":{},\"state\":{\"diente_ausente\":true}},\"28_\":{\"part\":{},\"state\":{\"diente_ausente\":true}},\"17_\":{\"part\":{\"parts-2-type-2\":{\"restauracion\":true}},\"state\":{\"restauracion\":{\"option\":{\"restauracion_R\":true}}}},\"16_\":{\"part\":{\"parts-3-type-2\":{\"restauracion\":true}},\"state\":{\"restauracion\":{\"option\":{\"restauracion_R\":true}}}},\"27_\":{\"part\":{\"parts-3-type-2\":{\"restauracion\":true},\"parts-1\":{\"restauracion\":false},\"parts-1-type-2\":{\"restauracion\":true}},\"state\":{\"restauracion\":{\"option\":{\"restauracion_R\":true}}}},\"26_\":{\"part\":{\"parts-3-type-2\":{\"restauracion\":true},\"parts-1\":{\"restauracion\":true}},\"state\":{\"restauracion\":{\"option\":{\"restauracion_R\":true}}}},\"37_\":{\"part\":{\"parts-3-type-2\":{\"restauracion\":false},\"parts-1-type-2\":{\"restauracion\":true}},\"state\":{\"restauracion\":{\"option\":{\"restauracion_R\":true}}}},\"36_\":{\"part\":{\"parts-1-type-4\":{\"restauracion\":true},\"parts-4-type-4\":{\"restauracion\":true}},\"state\":{\"restauracion\":{\"option\":{\"restauracion_R\":true}}}},\"46_\":{\"part\":{\"parts-2-type-4\":{\"restauracion\":true},\"parts-2\":{\"restauracion\":true}},\"state\":{\"restauracion\":{\"option\":{\"restauracion_R\":true}}}},\"47_\":{\"part\":{\"parts-3-type-2\":{\"restauracion\":true},\"parts-1-type-2\":{\"restauracion\":true}},\"state\":{\"restauracion\":{\"option\":{\"restauracion_R\":true}}}},\"especificaciones\":\"PRESENCIA DE PLACA BLANDA Y DURA\"}','{}','2021-03-29 21:00:59','2022-02-24 23:50:13'),(34,'Betsabe Marina','Pacheco Chirinos','undefined','29311043','959694405','undefined',NULL,'Wed May 09 1962 00:00:00 GMT-0500 (hora estándar de Perú)','undefined',NULL,NULL,'undefined','2021-04-14 22:29:14','2021-04-14 22:29:14'),(36,'Gabriel Renato','Talavera Contreras',NULL,'72943161','956712024','renatotc2013@gmail.com',NULL,'Tue Feb 18 1997 00:00:00 GMT-0500 (hora estándar de Perú)','undefined',NULL,'{\"17_\":{\"part\":{\"parts-3\":{\"caries\":true}}},\"16_\":{\"part\":{\"parts-4-type-2\":{\"caries\":true},\"parts-1-type-2\":{\"caries\":true},\"parts-3\":{\"caries\":true}}},\"14_\":{\"part\":{\"parts-2-type-3\":{\"caries\":false},\"parts-1-type-3\":{\"caries\":true}}},\"13_\":{\"part\":{\"parts-3\":{\"caries\":true}}},\"24_\":{\"part\":{\"parts-2-type-3\":{\"caries\":true}}},\"25_\":{\"part\":{\"parts-2-type-3\":{\"caries\":true}}},\"26_\":{\"part\":{\"parts-3-type-2\":{\"caries\":true},\"parts-2-type-2\":{\"caries\":true},\"parts-3\":{\"caries\":true}}},\"27_\":{\"part\":{\"parts-4-type-2\":{\"caries\":true},\"parts-1-type-2\":{\"caries\":true},\"parts-3\":{\"caries\":true}}},\"37_\":{\"part\":{\"parts-4-type-2\":{\"caries\":true},\"parts-1-type-2\":{\"caries\":true},\"parts-2\":{\"caries\":false},\"parts-3\":{\"caries\":true}}},\"36_\":{\"part\":{\"parts-5-type-4\":{\"caries\":true},\"parts-1-type-4\":{\"caries\":true},\"parts-2\":{\"caries\":false},\"parts-3\":{\"caries\":true}}},\"35_\":{\"part\":{\"parts-2-type-3\":{\"caries\":true}}},\"45_\":{\"part\":{\"parts-2-type-3\":{\"caries\":true},\"parts-3\":{\"caries\":true},\"parts-1-type-3\":{\"caries\":true}}},\"46_\":{\"part\":{\"parts-3\":{\"caries\":true},\"parts-4-type-4\":{\"caries\":true},\"parts-1-type-4\":{\"caries\":true},\"parts-2-type-4\":{\"caries\":true}}},\"47_\":{\"part\":{\"parts-3-type-2\":{\"caries\":true},\"parts-2-type-2\":{\"caries\":true},\"parts-4-type-2\":{\"caries\":false},\"parts-3\":{\"caries\":true}}},\"44_\":{\"part\":{\"parts-1-type-3\":{\"caries\":true}}}}','{\"alergiaff_text\":\"Ibuprofeno\"}','2021-04-22 16:11:47','2021-05-05 21:21:57'),(37,'Eliana','Pacheco Zea',NULL,'43559328','989275305','elipezeta@gmail.com',NULL,'Tue Jun 20 1961 00:00:00 GMT-0500 (hora estándar de Perú)','undefined',NULL,'{\"18_\":{\"part\":{\"parts-5-type-1\":{\"caries\":true},\"parts-2-type-1\":{\"caries\":true},\"parts-2\":{\"caries\":true}}},\"17_\":{\"part\":{},\"state\":{\"diente_ausente\":true}},\"16_\":{\"part\":{},\"state\":{\"diente_ausente\":true}},\"15_\":{\"part\":{},\"state\":{\"diente_ausente\":true}},\"14_\":{\"part\":{\"parts-1-type-3\":{\"caries\":true},\"parts-1\":{\"caries\":true},\"parts-4\":{\"caries\":true},\"parts-2-type-3\":{\"caries\":true}}},\"24_\":{\"part\":{\"parts-2-type-3\":{\"restauracion\":true}},\"state\":{\"restauracion\":{\"option\":{\"restauracion_AM\":true}}}},\"26_\":{\"part\":{\"parts-3-type-2\":{\"caries\":true},\"parts-2-type-2\":{\"caries\":true},\"parts-4\":{\"caries\":true},\"parts-4-type-2\":{\"caries\":true}},\"state\":{\"diente_ausente\":false}},\"27_\":{\"part\":{\"parts-3-type-2\":{\"caries\":true},\"parts-4-type-2\":{\"caries\":true},\"parts-4\":{\"caries\":false},\"parts-1\":{\"caries\":true},\"parts-1-type-2\":{\"caries\":true},\"parts-2-type-2\":{\"caries\":true}},\"state\":{\"trat_pulpar_malo\":{\"option\":{}}}},\"25_\":{\"part\":{},\"state\":{\"diente_ausente\":true}},\"28_\":{\"part\":{},\"state\":{\"diente_ausente\":true}},\"38_\":{\"part\":{},\"state\":{\"diente_ausente\":true}},\"37_\":{\"part\":{\"parts-4-type-2\":{\"caries\":true},\"parts-1-type-2\":{\"caries\":true},\"parts-4\":{\"caries\":false},\"parts-2-type-2\":{\"caries\":true},\"parts-3-type-2\":{\"caries\":true},\"parts-1\":{\"caries\":true}},\"state\":{\"diente_extruido\":false}},\"36_\":{\"part\":{},\"state\":{\"diente_ausente\":true}},\"35_\":{\"part\":{},\"state\":{\"diente_ausente\":true}},\"34_\":{\"part\":{\"parts-2-type-3\":{\"restauracion\":true},\"parts-1-type-3\":{\"restauracion\":true}},\"state\":{\"restauracion\":{\"option\":{\"restauracion_R\":true}}}},\"44_\":{\"part\":{\"parts-1-type-3\":{\"restauracion\":false},\"parts-2-type-3\":{\"restauracion\":false}},\"state\":{\"restauracion\":{\"option\":{\"restauracion_R\":true}}}},\"45_\":{\"part\":{\"parts-1-type-3\":{\"restauracion\":true},\"parts-2-type-3\":{\"restauracion\":true}},\"state\":{\"restauracion\":{\"option\":{\"restauracion_R\":true}}}},\"46_\":{\"part\":{\"parts-1-type-4\":{\"restauracion\":true},\"parts-3-type-4\":{\"restauracion\":true},\"parts-3\":{\"restauracion\":true},\"parts-4-type-4\":{\"restauracion\":true}},\"state\":{\"restauracion\":{\"option\":{\"restauracion_AM\":true}}}},\"47_\":{\"part\":{\"parts-4-type-2\":{\"restauracion\":true},\"parts-1-type-2\":{\"restauracion\":true}},\"state\":{\"restauracion\":{\"option\":{\"restauracion_AM\":true}}}},\"48_\":{\"part\":{},\"state\":{\"diente_ausente\":true}}}','[]','2021-04-24 14:39:06','2021-04-24 14:50:43'),(38,'Yuli','Chavez Bedregal',NULL,'42206810','959102420','yuli_chavez_Be@hotmail.com',NULL,'Wed Nov 02 1983 00:00:00 GMT-0500 (hora estándar de Perú)','undefined',NULL,'{\"18_\":{\"part\":{\"parts-2-type-1\":{\"restauracion\":true},\"parts-5-type-1\":{\"restauracion\":true},\"parts-4-type-1\":{\"restauracion\":true}},\"state\":{\"restauracion\":{\"option\":{\"restauracion_R\":true}}}},\"16_\":{\"part\":{\"parts-3-type-2\":{\"restauracion\":true},\"parts-2-type-2\":{\"restauracion\":true}},\"state\":{\"restauracion\":{\"option\":{\"restauracion_R\":true}}}},\"15_\":{\"part\":{\"parts-2-type-3\":{\"restauracion\":true},\"parts-1-type-3\":{\"restauracion\":true}},\"state\":{\"restauracion\":{\"option\":{\"restauracion_R\":true}}}},\"12_\":{\"part\":{\"parts-3\":{\"restauracion\":true}},\"state\":{\"restauracion\":{\"option\":{\"restauracion_R\":true}}}},\"22_\":{\"part\":{\"parts-3\":{\"restauracion\":true}},\"state\":{\"restauracion\":{\"option\":{\"restauracion_R\":true}}}},\"24_\":{\"part\":{\"parts-2-type-3\":{\"restauracion\":true},\"parts-1-type-3\":{\"restauracion\":true}},\"state\":{\"restauracion\":{\"option\":{\"restauracion_R\":true}}}},\"25_\":{\"part\":{\"parts-2-type-3\":{\"restauracion\":true},\"parts-1-type-3\":{\"restauracion\":true}},\"state\":{\"restauracion\":{\"option\":{\"restauracion_R\":true}}}},\"26_\":{\"part\":{\"parts-1-type-2\":{\"restauracion\":true},\"parts-4-type-2\":{\"restauracion\":true},\"parts-4\":{\"restauracion\":true}},\"state\":{\"restauracion\":{\"option\":{\"restauracion_R\":true}}}},\"36_\":{\"part\":{\"parts-4-type-4\":{\"restauracion\":true},\"parts-1-type-4\":{\"restauracion\":true},\"parts-2\":{\"restauracion\":true}},\"state\":{\"restauracion\":{\"option\":{\"restauracion_R\":true}}}},\"35_\":{\"part\":{\"parts-1-type-3\":{\"restauracion\":true},\"parts-2-type-3\":{\"restauracion\":true}},\"state\":{\"restauracion\":{\"option\":{\"restauracion_R\":true}}}},\"34_\":{\"part\":{\"parts-2-type-3\":{\"restauracion\":true},\"parts-1-type-3\":{\"restauracion\":true}},\"state\":{\"restauracion\":{\"option\":{\"restauracion_R\":true}}}},\"44_\":{\"part\":{\"parts-2-type-3\":{\"restauracion\":true},\"parts-1-type-3\":{\"restauracion\":true}},\"state\":{\"restauracion\":{\"option\":{\"restauracion_R\":true}}}},\"45_\":{\"part\":{\"parts-1-type-3\":{\"restauracion\":true},\"parts-2-type-3\":{\"restauracion\":true}},\"state\":{\"restauracion\":{\"option\":{\"restauracion_R\":true}}}},\"46_\":{\"part\":{\"parts-2-type-4\":{\"restauracion\":true},\"parts-1-type-4\":{\"restauracion\":true},\"parts-2\":{\"restauracion\":true},\"parts-4-type-4\":{\"restauracion\":true}},\"state\":{\"restauracion\":{\"option\":{\"restauracion_R\":true}}}},\"48_\":{\"part\":{\"parts-5-type-1\":{\"restauracion\":true},\"parts-2-type-1\":{\"restauracion\":true},\"parts-3\":{\"restauracion\":true}},\"state\":{\"restauracion\":{\"option\":{\"restauracion_R\":true}}}},\"17_\":{\"part\":{},\"state\":{\"diente_ausente\":true}},\"14_\":{\"part\":{},\"state\":{\"diente_ausente\":true}},\"27_\":{\"part\":{},\"state\":{\"diente_ausente\":true}},\"28_\":{\"part\":{},\"state\":{\"diente_ausente\":true}},\"38_\":{\"part\":{},\"state\":{\"diente_ausente\":true}},\"37_\":{\"part\":{},\"state\":{\"diente_ausente\":true}},\"47_\":{\"part\":{},\"state\":{\"diente_ausente\":true}}}','{}','2021-04-26 16:26:15','2021-04-26 16:29:24'),(39,'Andrew Jesus','Trujillo Flores',NULL,'47388795','959800966','andrewjtf@gmail.com',NULL,'Mon Feb 18 1991 00:00:00 GMT-0500 (hora estándar de Perú)','undefined',NULL,'{\"18_\":{\"part\":{},\"state\":{\"diemte_extraido\":true}},\"28_\":{\"part\":{},\"state\":{\"diemte_extraido\":true}},\"38_\":{\"part\":{},\"state\":{\"diemte_extraido\":true}},\"48_\":{\"part\":{},\"state\":{\"diemte_extraido\":true}},\"17_\":{\"part\":{\"parts-2-type-2\":{\"restauracion\":true},\"parts-3-type-2\":{\"restauracion\":true}},\"state\":{\"restauracion\":{\"option\":{\"restauracion_R\":true}}}},\"16_\":{\"part\":{\"parts-3-type-2\":{\"restauracion\":true},\"parts-2-type-2\":{\"restauracion\":true}},\"state\":{\"restauracion\":{\"option\":{\"restauracion_R\":true}}}},\"24_\":{\"part\":{\"parts-1-type-3\":{\"restauracion\":true},\"parts-2-type-3\":{\"restauracion\":true}},\"state\":{\"restauracion\":{\"option\":{\"restauracion_R\":true}}}},\"37_\":{\"part\":{\"parts-3-type-2\":{\"restauracion\":true},\"parts-3\":{\"restauracion\":true}},\"state\":{\"restauracion\":{\"option\":{\"restauracion_R\":true}}}},\"36_\":{\"part\":{\"parts-1-type-4\":{\"restauracion\":true},\"parts-4-type-4\":{\"restauracion\":true}},\"state\":{\"restauracion\":{\"option\":{\"restauracion_R\":true}}}},\"47_\":{\"part\":{\"parts-3-type-2\":{\"restauracion\":true},\"parts-2-type-2\":{\"restauracion\":true},\"parts-3\":{\"restauracion\":true}},\"state\":{\"restauracion\":{\"option\":{\"restauracion_R\":true}}}},\"14_\":{\"part\":{},\"state\":{\"diente_ausente\":true}},\"44_\":{\"part\":{},\"state\":{\"diente_ausente\":true}},\"26_\":{\"part\":{\"parts-2-type-2\":{\"caries\":true},\"parts-3-type-2\":{\"caries\":true},\"parts-1\":{\"caries\":true},\"parts-1-type-2\":{\"caries\":true},\"parts-4-type-2\":{\"caries\":true}}},\"25_\":{\"part\":{\"parts-1-type-3\":{\"caries\":true},\"parts-2-type-3\":{\"caries\":true},\"parts-4\":{\"caries\":true}}}}','[]','2021-05-14 16:42:02','2021-05-14 16:55:16'),(40,'Roxana Susana','Contreras Salas',NULL,'29370053','980047209','roxanascs38@hotmail.com',NULL,'Sat Mar 29 1958 00:00:00 GMT-0500 (hora estándar de Perú)','undefined',NULL,'{\"18_\":{\"part\":{},\"state\":{\"diente_ausente\":true}},\"17_\":{\"part\":{\"parts-1-type-2\":{\"caries\":true},\"parts-4-type-2\":{\"caries\":true}}},\"16_\":{\"part\":{\"parts-2-type-2\":{\"caries\":true},\"parts-3-type-2\":{\"caries\":true}}},\"12_\":{\"part\":{\"parts-3\":{\"caries\":true},\"type-2\":{\"caries\":true}},\"state\":{\"protesis_fija_malo\":{\"start\":true,\"middle\":false,\"end\":false}}},\"24_\":{\"part\":{\"parts-1-type-3\":{\"caries\":true}}},\"25_\":{\"part\":{\"parts-2-type-3\":{\"restauracion\":true},\"parts-4\":{\"restauracion\":true},\"parts-1-type-3\":{\"restauracion\":true},\"parts-1\":{\"restauracion\":true}},\"state\":{\"restauracion\":{\"option\":{\"restauracion_R\":true}}}},\"26_\":{\"part\":{\"parts-2\":{\"restauracion\":false},\"parts-4-type-2\":{\"restauracion\":true},\"parts-1-type-2\":{\"restauracion\":true},\"parts-3\":{\"restauracion\":true}},\"state\":{\"restauracion\":{\"option\":{\"restauracion_R\":true}}}},\"27_\":{\"part\":{\"parts-4-type-2\":{\"caries\":true},\"parts-1-type-2\":{\"caries\":true}}},\"28_\":{\"part\":{},\"state\":{\"diente_ausente\":true}},\"38_\":{\"part\":{},\"state\":{\"diente_ausente\":true}},\"37_\":{\"part\":{\"parts-3-type-2\":{\"restauracion\":true},\"parts-2-type-2\":{\"restauracion\":true}},\"state\":{}},\"36_\":{\"part\":{\"parts-4-type-4\":{\"caries\":true},\"parts-1-type-4\":{\"caries\":true},\"parts-4\":{\"caries\":true},\"parts-2-type-4\":{\"caries\":true},\"parts-5-type-4\":{\"caries\":true},\"parts-3-type-4\":{\"caries\":true}}},\"35_\":{\"part\":{\"parts-1-type-3\":{\"caries\":true}}},\"45_\":{\"part\":{},\"state\":{\"trat_pulpar_malo\":{\"option\":{}}}},\"46_\":{\"part\":{\"parts-1-type-4\":{\"restauracion\":true},\"parts-2\":{\"restauracion\":true},\"parts-4-type-4\":{\"restauracion\":true}},\"state\":{}},\"47_\":{\"part\":{},\"state\":{\"diente_ausente\":true}},\"48_\":{\"part\":{},\"state\":{\"diente_ausente\":true}},\"11_\":{\"part\":{},\"state\":{\"diente_ausente\":true,\"protesis_fija_malo\":{\"start\":false,\"middle\":true,\"end\":false}}},\"23_\":{\"part\":{\"type-2\":{\"caries\":false}}},\"21_\":{\"part\":{},\"state\":{\"protesis_fija_malo\":{\"start\":false,\"middle\":false,\"end\":true}}}}','[]','2021-05-26 17:00:24','2021-05-26 17:22:26'),(41,'Valeria Alesandra','Liu Vasquez',NULL,'61135852','958680164','evasquezg61@hotmail.com',NULL,'Mon Aug 13 2007 00:00:00 GMT-0500 (hora estándar de Perú)','undefined',NULL,'{\"16_\":{\"part\":{\"parts-4-type-2\":{\"caries\":true},\"parts-1-type-2\":{\"caries\":true}}},\"24_\":{\"part\":{\"parts-2-type-3\":{\"caries\":true}}},\"37_\":{\"part\":{\"parts-3\":{\"caries\":false},\"parts-3-type-2\":{\"caries\":true},\"parts-1-type-2\":{\"caries\":true}}},\"35_\":{\"part\":{\"parts-1-type-3\":{\"caries\":true}}},\"34_\":{\"part\":{\"parts-1-type-3\":{\"caries\":true}}},\"46_\":{\"part\":{\"parts-2-type-4\":{\"caries\":true},\"parts-4-type-4\":{\"caries\":true},\"parts-3\":{\"caries\":true}}},\"47_\":{\"part\":{\"parts-3-type-2\":{\"caries\":true},\"parts-2-type-2\":{\"caries\":true},\"parts-3\":{\"caries\":true}}},\"26_\":{\"part\":{\"parts-3-type-2\":{\"restauracion\":true},\"parts-2-type-2\":{\"restauracion\":true},\"parts-3\":{\"restauracion\":true}},\"state\":{}},\"36_\":{\"part\":{\"parts-1-type-4\":{\"restauracion\":true},\"parts-4-type-4\":{\"restauracion\":true},\"parts-2-type-4\":{\"restauracion\":true}},\"state\":{}}}','[]','2021-05-28 15:28:17','2021-05-28 15:32:02'),(42,'Vilma Isabel','Concha Dávila',NULL,'70606330','958053779','null',NULL,'Wed Jul 05 1995 00:00:00 GMT-0500 (hora estándar de Perú)','undefined',NULL,'{\"18_\":{\"part\":{},\"state\":{\"diente_ausente\":true}},\"17_\":{\"part\":{\"parts-3-type-2\":{\"restauracion\":true},\"parts-3\":{\"restauracion\":true},\"parts-2-type-2\":{\"restauracion\":true}},\"state\":{\"restauracion\":{\"option\":{\"restauracion_R\":true}}}},\"16_\":{\"part\":{\"parts-3-type-2\":{\"caries\":true},\"parts-2-type-2\":{\"caries\":true},\"parts-3\":{\"caries\":true}}},\"15_\":{\"part\":{\"parts-1-type-3\":{\"restauracion\":true}},\"state\":{\"restauracion\":{\"option\":{\"restauracion_R\":true}}}},\"14_\":{\"part\":{\"parts-2-type-3\":{\"restauracion\":true}},\"state\":{\"restauracion\":{\"option\":{\"restauracion_R\":true}}}},\"24_\":{\"part\":{\"parts-2-type-3\":{\"restauracion\":true}},\"state\":{\"restauracion\":{\"option\":{\"restauracion_R\":true}}}},\"25_\":{\"part\":{\"parts-1-type-3\":{\"caries\":true}}},\"26_\":{\"part\":{\"parts-4-type-2\":{\"caries\":true},\"parts-1-type-2\":{\"caries\":true}}},\"27_\":{\"part\":{\"parts-2-type-2\":{\"restauracion\":true},\"parts-3-type-2\":{\"restauracion\":true}},\"state\":{\"restauracion\":{\"option\":{\"restauracion_R\":true}}}},\"28_\":{\"part\":{},\"state\":{\"diente_ausente\":true}},\"38_\":{\"part\":{},\"state\":{\"diente_ausente\":true}},\"37_\":{\"part\":{\"parts-4-type-2\":{\"restauracion\":true},\"parts-1-type-2\":{\"restauracion\":true},\"parts-2\":{\"restauracion\":true}},\"state\":{\"restauracion\":{\"option\":{\"restauracion_R\":true}}}},\"36_\":{\"part\":{\"parts-2-type-4\":{\"restauracion\":true},\"parts-4-type-4\":{\"restauracion\":true},\"parts-2\":{\"restauracion\":true}},\"state\":{\"restauracion\":{\"option\":{\"restauracion_R\":true}}}},\"46_\":{\"part\":{\"parts-1-type-4\":{\"restauracion\":true},\"parts-5-type-4\":{\"restauracion\":true},\"parts-4-type-4\":{\"restauracion\":true},\"parts-2\":{\"restauracion\":true}},\"state\":{\"restauracion\":{\"option\":{\"restauracion_R\":true}}}},\"47_\":{\"part\":{\"parts-4-type-2\":{\"caries\":true},\"parts-1-type-2\":{\"caries\":true}}},\"especificaciones\":\"Presencia de placa bacteriana.\"}','{}','2021-06-02 15:09:58','2021-06-02 15:35:23'),(43,'Eleana Rocío','Vasques Gutierrez',NULL,'29558675','958680164','evasquezg71@hotmail.com',NULL,'Mon Oct 25 1971 00:00:00 GMT-0500 (hora estándar de Perú)','undefined',NULL,'{\"17_\":{\"part\":{\"parts-3-type-2\":{\"caries\":true}}},\"18_\":{\"part\":{\"parts-5-type-1\":{\"caries\":true}}},\"16_\":{\"part\":{},\"state\":{\"diente_ausente\":true}},\"15_\":{\"part\":{},\"state\":{\"diente_ausente\":true}},\"14_\":{\"part\":{\"parts-1-type-3\":{\"restauracion\":true},\"parts-1\":{\"restauracion\":true},\"parts-4\":{\"restauracion\":true}},\"state\":{\"restauracion\":{\"option\":{\"restauracion_R\":true}}}},\"11_\":{\"part\":{\"parts-2\":{\"restauracion\":true},\"parts-3\":{\"restauracion\":true}},\"state\":{\"restauracion\":{\"option\":{\"restauracion_R\":true}}}},\"21_\":{\"part\":{\"parts-3\":{\"restauracion\":true},\"parts-2\":{\"caries\":true}},\"state\":{\"restauracion\":{\"option\":{\"restauracion_R\":true}}}},\"22_\":{\"part\":{\"parts-1\":{\"caries\":false,\"restauracion\":true}},\"state\":{}},\"24_\":{\"part\":{\"parts-2-type-3\":{\"restauracion\":true},\"parts-1\":{\"restauracion\":true},\"parts-4\":{\"restauracion\":true}},\"state\":{}},\"25_\":{\"part\":{},\"state\":{\"diente_ausente\":true}},\"26_\":{\"part\":{},\"state\":{\"corona_temporal\":{\"option\":{\"corona_temporal_cmc\":true}}}},\"27_\":{\"part\":{\"parts-2-type-2\":{\"restauracion\":true},\"parts-3-type-2\":{\"restauracion\":true}},\"state\":{\"restauracion\":{\"option\":{\"restauracion_AM\":true}}}},\"28_\":{\"part\":{},\"state\":{\"diente_ausente\":true}},\"38_\":{\"part\":{},\"state\":{\"diente_ausente\":true}},\"37_\":{\"part\":{\"parts-3-type-2\":{\"caries\":true},\"parts-1\":{\"caries\":true},\"parts-4\":{\"caries\":true}}},\"35_\":{\"part\":{},\"state\":{\"diente_ausente\":false,\"corona_temporal\":{\"option\":{\"corona_temporal_cmc\":true}}}},\"36_\":{\"part\":{},\"state\":{\"diente_ausente\":true}},\"34_\":{\"part\":{\"parts-1-type-3\":{\"restauracion\":true}},\"state\":{\"restauracion\":{\"option\":{\"restauracion_R\":true}}}},\"44_\":{\"part\":{\"parts-1-type-3\":{\"restauracion\":true}},\"state\":{\"restauracion\":{\"option\":{\"restauracion_R\":true}}}},\"45_\":{\"part\":{},\"state\":{\"diente_ausente\":true}},\"46_\":{\"part\":{},\"state\":{\"corona_definitiva\":{\"option\":{\"corona_definitiva_CMC\":true}}}},\"47_\":{\"part\":{\"parts-1-type-2\":{\"restauracion\":false},\"parts-1\":{\"restauracion\":true},\"parts-4\":{\"restauracion\":true},\"parts-2\":{\"restauracion\":true},\"parts-4-type-2\":{\"restauracion\":true}},\"state\":{\"restauracion\":{\"option\":{\"restauracion_R\":true}}}},\"48_\":{\"part\":{},\"state\":{\"diente_ausente\":true}}}','{\"r4_text\":\"aceptriazona\"}','2021-06-03 17:04:04','2021-06-03 17:12:54'),(44,'Marcia Edith','Paredes Monrroy',NULL,'undefined','undefined','undefined',NULL,'Invalid Date','undefined',NULL,'{\"17_\":{\"part\":{\"parts-3-type-2\":{\"restauracion\":true},\"parts-4-type-2\":{\"restauracion\":true}},\"state\":{\"restauracion\":{\"option\":{\"restauracion_R\":true}}}},\"16_\":{\"part\":{\"parts-3-type-2\":{\"restauracion\":true},\"parts-4-type-2\":{\"restauracion\":true}},\"state\":{\"restauracion\":{\"option\":{\"restauracion_R\":true}}}},\"15_\":{\"part\":{\"parts-2-type-3\":{\"caries\":true}}},\"14_\":{\"part\":{\"parts-1-type-3\":{\"caries\":true}}},\"26_\":{\"part\":{\"parts-2-type-2\":{\"restauracion\":true}},\"state\":{\"restauracion\":{\"option\":{\"restauracion_R\":true}}}},\"27_\":{\"part\":{},\"state\":{\"restauracion\":{\"option\":{\"restauracion_R\":true}}}},\"37_\":{\"part\":{\"parts-3-type-2\":{\"restauracion\":false},\"parts-4-type-2\":{\"caries\":false},\"parts-1-type-2\":{\"caries\":true},\"parts-3\":{\"caries\":true}},\"state\":{\"restauracion\":{\"option\":{\"restauracion_R\":true}}}},\"36_\":{\"part\":{\"parts-5-type-4\":{\"caries\":true},\"parts-3\":{\"caries\":true}}},\"46_\":{\"part\":{\"parts-4-type-4\":{\"caries\":true},\"parts-1-type-4\":{\"caries\":true}}},\"47_\":{\"part\":{\"parts-3-type-2\":{\"restauracion\":true},\"parts-2-type-2\":{\"restauracion\":true}},\"state\":{\"restauracion\":{\"option\":{\"restauracion_R\":true}}}},\"especificaciones\":\"PRESENCIA DE PLACA BACTERIANA\"}','[]','2021-06-12 17:47:12','2021-06-12 17:53:52'),(45,'Bruno Jordan','Palomino Luna',NULL,'72651671','934722506','brun_ubk@hotmail.com',NULL,'Fri Dec 04 1992 00:00:00 GMT-0500 (hora estándar de Perú)','undefined',NULL,'{\"17_\":{\"part\":{\"parts-1-type-2\":{\"caries\":true}}},\"16_\":{\"part\":{\"parts-2-type-2\":{\"caries\":true},\"parts-3\":{\"caries\":true}}},\"15_\":{\"part\":{\"parts-2-type-3\":{\"caries\":true}}},\"14_\":{\"part\":{\"parts-4\":{\"caries\":false},\"parts-1-type-3\":{\"caries\":true},\"parts-2-type-3\":{\"caries\":false}}},\"24_\":{\"part\":{\"parts-1-type-3\":{\"caries\":true}}},\"25_\":{\"part\":{\"parts-1-type-3\":{\"caries\":true}}},\"26_\":{\"part\":{\"parts-3-type-2\":{\"caries\":true},\"parts-3\":{\"caries\":true}}},\"27_\":{\"part\":{\"parts-4-type-2\":{\"caries\":true}}},\"28_\":{\"part\":{\"parts-4-type-1\":{\"caries\":true},\"parts-2-type-1\":{\"caries\":true}}},\"37_\":{\"part\":{\"parts-3-type-2\":{\"caries\":true}}},\"36_\":{\"part\":{\"parts-2-type-4\":{\"caries\":true},\"parts-4-type-4\":{\"caries\":true}}},\"35_\":{\"part\":{\"parts-1-type-3\":{\"restauracion\":false},\"parts-2-type-3\":{\"caries\":true}},\"state\":{}},\"45_\":{\"part\":{\"parts-1-type-3\":{\"restauracion\":false},\"parts-2-type-3\":{\"caries\":true}},\"state\":{}},\"46_\":{\"part\":{\"parts-2\":{\"restauracion\":false,\"caries\":true},\"parts-2-type-4\":{\"restauracion\":false},\"parts-4-type-4\":{\"caries\":false},\"parts-1-type-4\":{\"caries\":true,\"restauracion\":false}},\"state\":{}},\"47_\":{\"part\":{\"parts-1-type-2\":{\"restauracion\":false},\"parts-4-type-2\":{\"restauracion\":false},\"parts-2\":{\"restauracion\":false,\"caries\":true},\"parts-3-type-2\":{\"caries\":true,\"restauracion\":false}},\"state\":{}},\"especificaciones\":\"PRESENCIA DE PLACA BACTERIANA\"}','{}','2021-06-14 16:12:47','2021-06-14 16:20:00'),(46,'Maria Eugenia','Olmos Adrian',NULL,'29263148','992705027','undefined',NULL,'Fri Sep 18 1964 00:00:00 GMT-0500 (hora estándar de Perú)','undefined',NULL,'{\"14_\":{\"part\":{\"parts-2\":{\"caries\":true},\"parts-1-type-3\":{\"restauracion\":true}},\"state\":{\"restauracion\":{\"option\":{\"restauracion_R\":true}}}},\"13_\":{\"part\":{\"parts-2\":{\"caries\":true}}},\"26_\":{\"part\":{\"parts-1-type-2\":{\"caries\":true},\"parts-1\":{\"caries\":true},\"parts-3-type-2\":{\"caries\":true},\"parts-4-type-2\":{\"caries\":true},\"parts-2-type-2\":{\"caries\":true}}},\"45_\":{\"part\":{\"parts-3\":{\"caries\":true},\"parts-1\":{\"restauracion\":true},\"parts-1-type-3\":{\"restauracion\":true},\"parts-2-type-3\":{\"restauracion\":true}},\"state\":{\"restauracion\":{\"option\":{\"restauracion_R\":true}}}},\"44_\":{\"part\":{\"parts-3\":{\"caries\":true}}},\"34_\":{\"part\":{\"parts-3\":{\"caries\":true}}},\"35_\":{\"part\":{\"parts-3\":{\"caries\":true},\"parts-1-type-3\":{\"restauracion\":true},\"parts-2-type-3\":{\"restauracion\":true}},\"state\":{\"restauracion\":{\"option\":{\"restauracion_R\":true}}}},\"36_\":{\"part\":{\"parts-2-type-4\":{\"caries\":true},\"parts-1-type-4\":{\"caries\":true},\"parts-3-type-4\":{\"caries\":true},\"parts-4-type-4\":{\"caries\":true},\"parts-5-type-4\":{\"caries\":true}}},\"16_\":{\"part\":{\"parts-2-type-2\":{\"restauracion\":true},\"parts-1-type-2\":{\"restauracion\":true},\"parts-3-type-2\":{\"restauracion\":true},\"parts-4-type-2\":{\"restauracion\":true}},\"state\":{\"restauracion\":{\"option\":{\"restauracion_R\":true}}}},\"17_\":{\"part\":{\"parts-1-type-2\":{\"restauracion\":true},\"parts-2-type-2\":{\"restauracion\":true},\"parts-4-type-2\":{\"restauracion\":true},\"parts-3-type-2\":{\"restauracion\":true}},\"state\":{\"restauracion\":{\"option\":{\"restauracion_R\":true}}}},\"15_\":{\"part\":{\"parts-1-type-3\":{\"restauracion\":true}},\"state\":{\"restauracion\":{\"option\":{\"restauracion_R\":true}}}},\"25_\":{\"part\":{\"parts-2-type-3\":{\"restauracion\":true}},\"state\":{\"restauracion\":{\"option\":{\"restauracion_R\":true}}}},\"46_\":{\"part\":{\"parts-1-type-4\":{\"restauracion\":true,\"caries\":true},\"parts-2-type-4\":{\"restauracion\":true,\"caries\":true},\"parts-4-type-4\":{\"restauracion\":true,\"caries\":true},\"parts-5-type-4\":{\"caries\":true},\"parts-4\":{\"caries\":true}},\"state\":{\"restauracion\":{\"option\":{\"restauracion_R\":true}}}},\"47_\":{\"part\":{},\"state\":{\"corona_definitiva\":{\"option\":{\"corona_definitiva_CMC\":true}}}},\"18_\":{\"part\":{},\"state\":{\"diente_ausente\":true}},\"48_\":{\"part\":{},\"state\":{\"diente_ausente\":true}},\"28_\":{\"part\":{},\"state\":{\"diente_ausente\":true}},\"27_\":{\"part\":{},\"state\":{\"diente_ausente\":true}},\"38_\":{\"part\":{},\"state\":{\"diente_ausente\":true}},\"37_\":{\"part\":{},\"state\":{\"diente_ausente\":true}},\"especificaciones\":\"PRESENCIA DE PLACA BACTERIANA\\nLESIONES NO CARIOSAS TI´PO V\"}','{\"hipertension\":true,\"r4_text\":\"\",\"alergiaff_text\":\"PENICILINA\",\"alergia\":true}','2021-06-17 21:23:37','2021-06-17 22:06:27'),(47,'Moises Juan','Herrera Luna',NULL,'42882100','993592682','undefined',NULL,'Thu Nov 24 1955 00:00:00 GMT-0500 (hora estándar de Perú)','undefined',NULL,'{\"18_\":{\"part\":{\"parts-6-type-1\":{\"caries\":true},\"parts-2-type-1\":{\"caries\":true},\"parts-5-type-1\":{\"caries\":true},\"parts-4-type-1\":{\"caries\":true}}},\"17_\":{\"part\":{\"parts-3-type-2\":{\"caries\":true},\"parts-1-type-2\":{\"caries\":true},\"parts-4-type-2\":{\"caries\":true},\"parts-2-type-2\":{\"caries\":true}}},\"15_\":{\"part\":{},\"state\":{\"perno_malo\":{\"option\":{}},\"corona_temporal\":{\"option\":{\"corona_temporal_cmc\":true}}}},\"16_\":{\"part\":{\"parts-2-type-2\":{\"restauracion\":true},\"parts-4-type-2\":{\"restauracion\":true},\"parts-4\":{\"restauracion\":true}},\"state\":{\"restauracion\":{\"option\":{\"restauracion_AM\":true}}}},\"14_\":{\"part\":{\"parts-1-type-3\":{\"restauracion\":true},\"parts-1\":{\"restauracion\":true}},\"state\":{\"restauracion\":{\"option\":{\"restauracion_AM\":true}}}},\"13_\":{\"part\":{\"parts-4\":{\"caries\":true}}},\"12_\":{\"part\":{\"parts-1\":{\"caries\":true}}},\"11_\":{\"part\":{},\"state\":{\"corona_temporal\":{\"option\":{\"corona_temporal_cmc\":true}}}},\"21_\":{\"part\":{},\"state\":{\"corona_temporal\":{\"option\":{\"corona_temporal_cmc\":true}}}},\"22_\":{\"part\":{\"parts-2\":{\"restauracion\":true},\"parts-4\":{\"restauracion\":true}},\"state\":{}},\"24_\":{\"part\":{\"parts-2-type-3\":{\"caries\":true},\"parts-1\":{\"caries\":true}},\"state\":{\"trat_pulpar_malo\":{\"option\":{}}}},\"25_\":{\"part\":{\"parts-2-type-3\":{\"caries\":true},\"parts-4\":{\"caries\":true}}},\"26_\":{\"part\":{\"parts-4-type-2\":{\"restauracion\":true},\"parts-1\":{\"restauracion\":true}},\"state\":{\"restauracion\":{\"option\":{\"restauracion_AM\":true}}}},\"27_\":{\"part\":{\"parts-1-type-2\":{\"restauracion\":true}},\"state\":{\"restauracion\":{\"option\":{\"restauracion_AM\":true}}}},\"28_\":{\"part\":{\"parts-2-type-1\":{\"restauracion\":true},\"parts-5-type-1\":{\"restauracion\":true}},\"state\":{\"restauracion\":{\"option\":{\"restauracion_AM\":true}}}},\"38_\":{\"part\":{\"parts-5-type-1\":{\"restauracion\":true}},\"state\":{\"restauracion\":{\"option\":{\"restauracion_AM\":true}}}},\"37_\":{\"part\":{},\"state\":{\"corona_definitiva\":{\"option\":{\"corona_definitiva_CC\":true}}}},\"36_\":{\"part\":{\"parts-4-type-4\":{\"caries\":true},\"parts-1\":{\"caries\":true},\"parts-4\":{\"caries\":true},\"parts-2\":{\"caries\":true},\"parts-3\":{\"caries\":true},\"parts-1-type-4\":{\"caries\":true},\"parts-2-type-4\":{\"caries\":true},\"parts-5-type-4\":{\"caries\":true},\"parts-3-type-4\":{\"caries\":true}},\"state\":{\"trat_pulpar_malo\":{\"option\":{}}}},\"46_\":{\"part\":{\"parts-4-type-4\":{\"restauracion\":true},\"parts-2\":{\"restauracion\":true}},\"state\":{\"restauracion\":{\"option\":{\"restauracion_AM\":true}}}},\"47_\":{\"part\":{\"parts-3-type-2\":{\"caries\":true},\"parts-2-type-2\":{\"caries\":true},\"parts-1-type-2\":{\"caries\":true},\"parts-2\":{\"caries\":true},\"parts-4-type-2\":{\"caries\":true},\"parts-3\":{\"caries\":true}}},\"48_\":{\"part\":{\"parts-3-type-1\":{\"caries\":false},\"parts-5-type-1\":{\"restauracion\":true},\"parts-2\":{\"restauracion\":true},\"parts-2-type-1\":{\"restauracion\":true}},\"state\":{\"restauracion\":{\"option\":{\"restauracion_AM\":true}}}}}','[]','2021-07-05 14:42:49','2021-07-05 15:12:08'),(48,'Jesus Alvaro','Rodriguez Espinoza',NULL,'21263161','959629912','cototin78qhotmail.com',NULL,'Sat Dec 02 1961 00:00:00 GMT-0500 (hora estándar de Perú)','undefined',NULL,'{\"17_\":{\"part\":{\"parts-1-type-2\":{\"caries\":true},\"parts-4-type-2\":{\"caries\":true}}},\"16_\":{\"part\":{\"parts-1-type-2\":{\"caries\":true},\"parts-2\":{\"caries\":true},\"parts-2-type-2\":{\"caries\":true},\"parts-4\":{\"caries\":true}}},\"15_\":{\"part\":{\"parts-1-type-3\":{\"caries\":true},\"parts-2\":{\"caries\":true},\"parts-1\":{\"caries\":true}}},\"14_\":{\"part\":{\"parts-2-type-3\":{\"caries\":true},\"parts-1\":{\"caries\":true},\"parts-3\":{\"caries\":true},\"parts-1-type-3\":{\"caries\":true}}},\"12_\":{\"part\":{\"parts-3\":{\"caries\":true}}},\"11_\":{\"part\":{\"parts-3\":{\"caries\":true}}},\"21_\":{\"part\":{\"parts-2\":{\"caries\":true},\"parts-1\":{\"caries\":true},\"parts-3\":{\"caries\":true}}},\"27_\":{\"part\":{\"parts-4-type-2\":{\"caries\":true},\"parts-1-type-2\":{\"caries\":true}}},\"37_\":{\"part\":{\"parts-3-type-2\":{\"caries\":true}}},\"36_\":{\"part\":{\"parts-4-type-4\":{\"caries\":true},\"parts-1-type-4\":{\"caries\":true},\"parts-2-type-4\":{\"caries\":true},\"parts-2\":{\"caries\":true}}},\"34_\":{\"part\":{\"parts-2-type-3\":{\"caries\":true},\"parts-2\":{\"caries\":true}}},\"33_\":{\"part\":{\"parts-3\":{\"caries\":true}}},\"46_\":{\"part\":{\"parts-4-type-4\":{\"caries\":true},\"parts-2\":{\"caries\":true},\"parts-1\":{\"caries\":true},\"parts-2-type-4\":{\"caries\":true}}},\"47_\":{\"part\":{\"parts-1-type-2\":{\"caries\":true}}},\"48_\":{\"part\":{\"parts-2-type-1\":{\"caries\":true},\"parts-5-type-1\":{\"caries\":true}}},\"24_\":{\"part\":{\"parts-3\":{\"caries\":true},\"parts-1-type-3\":{\"restauracion\":true}},\"state\":{\"restauracion\":{\"option\":{\"restauracion_R\":true}}}},\"25_\":{\"part\":{\"parts-3\":{\"caries\":true}}},\"43_\":{\"part\":{\"parts-3\":{\"caries\":false},\"parts-2\":{\"caries\":true}}},\"45_\":{\"part\":{\"parts-3\":{\"caries\":false},\"parts-2\":{\"caries\":true}}},\"18_\":{\"part\":{},\"state\":{\"diente_ausente\":true}},\"28_\":{\"part\":{},\"state\":{\"diente_ausente\":true}},\"38_\":{\"part\":{},\"state\":{\"diente_ausente\":true}},\"35_\":{\"part\":{},\"state\":{\"diente_ausente\":true}},\"22_\":{\"part\":{\"parts-2\":{\"restauracion\":true}},\"state\":{\"restauracion\":{\"option\":{\"restauracion_R\":true}}}}}','{\"diabetes\":true,\"hipertension\":true,\"r4_text\":\"metformina\"}','2021-07-08 15:38:18','2021-07-08 15:43:36'),(49,'Ivan Francisco Eduardo','Salinas Chacón',NULL,'29636862','958444187','ifesch@yahoo.com',NULL,'Fri May 29 1964 00:00:00 GMT-0500 (hora estándar de Perú)','undefined',NULL,'{\"18_\":{\"part\":{},\"state\":{\"diente_ausente\":true}},\"17_\":{\"part\":{\"parts-4-type-2\":{\"restauracion\":true}},\"state\":{\"restauracion\":{\"option\":{\"restauracion_R\":true}}}},\"16_\":{\"part\":{\"parts-4-type-2\":{\"restauracion\":true},\"parts-3\":{\"restauracion\":true}},\"state\":{\"restauracion\":{\"option\":{\"restauracion_R\":true}}}},\"14_\":{\"part\":{\"parts-1-type-3\":{\"restauracion\":true},\"parts-4\":{\"restauracion\":true}},\"state\":{\"restauracion\":{\"option\":{\"restauracion_R\":true}}}},\"12_\":{\"part\":{\"parts-3\":{\"restauracion\":true}},\"state\":{\"restauracion\":{\"option\":{\"restauracion_R\":true}}}},\"26_\":{\"part\":{\"parts-4-type-2\":{\"restauracion\":true},\"parts-4\":{\"restauracion\":true}},\"state\":{\"restauracion\":{\"option\":{\"restauracion_R\":true}}}},\"37_\":{\"part\":{\"parts-1-type-2\":{\"restauracion\":true},\"parts-1\":{\"restauracion\":true}},\"state\":{\"restauracion\":{\"option\":{\"restauracion_R\":true}}}},\"36_\":{\"part\":{\"parts-2-type-4\":{\"restauracion\":true},\"parts-3-type-4\":{\"restauracion\":true}},\"state\":{\"restauracion\":{\"option\":{\"restauracion_R\":true}}}},\"24_\":{\"part\":{\"parts-2-type-3\":{\"restauracion\":true}},\"state\":{\"restauracion\":{\"option\":{\"restauracion_AM\":true}}}},\"25_\":{\"part\":{\"parts-2-type-3\":{\"restauracion\":true}},\"state\":{\"restauracion\":{\"option\":{\"restauracion_AM\":true}}}},\"44_\":{\"part\":{\"parts-1-type-3\":{\"restauracion\":true}},\"state\":{\"restauracion\":{\"option\":{\"restauracion_AM\":true}}}},\"45_\":{\"part\":{\"parts-2-type-3\":{\"restauracion\":true}},\"state\":{\"restauracion\":{\"option\":{\"restauracion_AM\":true}}}},\"47_\":{\"part\":{\"parts-3-type-2\":{\"restauracion\":true},\"parts-2\":{\"restauracion\":true}},\"state\":{\"restauracion\":{\"option\":{\"restauracion_IE\":true}}}},\"27_\":{\"part\":{},\"state\":{\"diente_ausente\":true}},\"28_\":{\"part\":{},\"state\":{\"diente_ausente\":true}},\"38_\":{\"part\":{},\"state\":{\"diente_ausente\":true}},\"46_\":{\"part\":{},\"state\":{\"diente_ausente\":true}},\"48_\":{\"part\":{},\"state\":{\"diente_ausente\":true}},\"15_\":{\"part\":{},\"state\":{\"corona_definitiva\":{\"option\":{\"corona_definitiva_CMC\":true}}}}}','{}','2021-08-13 15:22:55','2021-08-13 15:27:16'),(50,'Joe Luis','Aponte Yaguillo',NULL,'40269733','undefined','undefined',NULL,'Thu Oct 19 1978 00:00:00 GMT-0500 (hora estándar de Perú)','undefined',NULL,'{\"18_\":{\"part\":{},\"state\":{\"diente_ausente\":true}},\"28_\":{\"part\":{},\"state\":{\"diente_ausente\":true}},\"38_\":{\"part\":{},\"state\":{\"diente_ausente\":true}},\"48_\":{\"part\":{},\"state\":{\"diente_ausente\":true}},\"16_\":{\"part\":{},\"state\":{\"corona_temporal\":{\"option\":{}}}},\"15_\":{\"part\":{},\"state\":{\"trat_pulpar_malo\":{\"option\":{}}}},\"14_\":{\"part\":{\"parts-1\":{\"caries\":true}}},\"25_\":{\"part\":{\"parts-4\":{\"caries\":true}}},\"26_\":{\"part\":{\"parts-4-type-2\":{\"caries\":true},\"parts-1-type-2\":{\"caries\":true},\"parts-3\":{\"caries\":true},\"parts-1\":{\"caries\":true},\"parts-3-type-2\":{\"caries\":true},\"parts-2-type-2\":{\"caries\":true}}},\"36_\":{\"part\":{\"parts-3-type-4\":{\"restauracion\":true},\"parts-1-type-4\":{\"restauracion\":true},\"parts-2\":{\"restauracion\":true}},\"state\":{\"restauracion\":{\"option\":{\"restauracion_R\":true}}}},\"46_\":{\"part\":{\"parts-3-type-4\":{\"restauracion\":true},\"parts-1-type-4\":{\"restauracion\":true},\"parts-2-type-4\":{\"restauracion\":true},\"parts-2\":{\"restauracion\":true}},\"state\":{\"restauracion\":{\"option\":{\"restauracion_R\":true}}}},\"47_\":{\"part\":{\"parts-4-type-2\":{\"restauracion\":true},\"parts-3-type-2\":{\"restauracion\":true},\"parts-2\":{\"restauracion\":true},\"parts-1-type-2\":{\"restauracion\":true}},\"state\":{\"restauracion\":{\"option\":{\"restauracion_R\":true}}}}}','{}','2021-08-21 17:08:47','2021-08-21 17:10:50'),(51,'Bruno Luciano','Contreras Salinas',NULL,'72743749','undefined','undefined',NULL,'Sat Jun 06 1998 00:00:00 GMT-0500 (hora estándar de Perú)','undefined',NULL,'{\"17_\":{\"part\":{\"parts-3-type-2\":{\"caries\":true},\"parts-3\":{\"caries\":false},\"parts-2-type-2\":{\"caries\":true},\"parts-4-type-2\":{\"caries\":true},\"parts-2\":{\"caries\":true}}},\"16_\":{\"part\":{\"parts-3-type-2\":{\"caries\":true},\"parts-2-type-2\":{\"caries\":true},\"parts-3\":{\"caries\":false},\"parts-2\":{\"caries\":true}}},\"15_\":{\"part\":{\"parts-2-type-3\":{\"caries\":true},\"parts-3\":{\"caries\":true},\"parts-2\":{\"caries\":false},\"parts-1-type-3\":{\"caries\":true}}},\"14_\":{\"part\":{\"parts-2-type-3\":{\"caries\":true},\"parts-1-type-3\":{\"caries\":true},\"parts-3\":{\"caries\":true}}},\"26_\":{\"part\":{\"parts-3-type-2\":{\"restauracion\":true},\"parts-2-type-2\":{\"restauracion\":true},\"parts-1-type-2\":{\"restauracion\":true}},\"state\":{\"restauracion\":{\"option\":{\"restauracion_R\":true}}}},\"27_\":{\"part\":{\"parts-3-type-2\":{\"restauracion\":true},\"parts-2-type-2\":{\"restauracion\":true},\"parts-2\":{\"restauracion\":true},\"parts-1-type-2\":{\"restauracion\":true}},\"state\":{\"restauracion\":{\"option\":{\"restauracion_R\":true}}}},\"36_\":{\"part\":{\"parts-2-type-4\":{\"caries\":true},\"parts-1-type-4\":{\"caries\":true},\"parts-2\":{\"caries\":true},\"parts-4-type-4\":{\"caries\":true}}},\"37_\":{\"part\":{\"parts-3-type-2\":{\"caries\":true},\"parts-2\":{\"caries\":true},\"parts-2-type-2\":{\"caries\":true},\"parts-4-type-2\":{\"caries\":true}}},\"47_\":{\"part\":{\"parts-1-type-2\":{\"caries\":true},\"parts-2-type-2\":{\"caries\":true},\"parts-2\":{\"caries\":true},\"parts-4-type-2\":{\"caries\":true},\"parts-3-type-2\":{\"caries\":true}}}}','{}','2021-08-23 14:28:11','2021-08-23 14:34:42'),(52,'Maria Jesús','Álvarez Rivas',NULL,'29666529','986451430','undefined',NULL,'Mon Sep 30 1974 00:00:00 GMT-0500 (hora estándar de Perú)','undefined',NULL,'{\"16_\":{\"part\":{},\"state\":{\"trat_pulpar_malo\":{\"option\":{\"tratamiento_pulpar_tc_r\":true}},\"perno_malo\":{\"option\":{\"perno_mm\":true}},\"corona_temporal\":{\"option\":{\"corona_temporal_cmc\":true}}}},\"47_\":{\"part\":{\"parts-1\":{\"caries\":true},\"parts-1-type-2\":{\"caries\":true},\"parts-2-type-2\":{\"caries\":true},\"parts-4-type-2\":{\"caries\":true},\"parts-3-type-2\":{\"caries\":true},\"parts-3\":{\"caries\":true},\"parts-4\":{\"caries\":true}}},\"14_\":{\"part\":{\"parts-2-type-3\":{\"caries\":true},\"parts-1-type-3\":{\"caries\":true},\"parts-4\":{\"caries\":true}}},\"13_\":{\"part\":{\"parts-1\":{\"caries\":true},\"type-2\":{\"caries\":true}}},\"12_\":{\"part\":{\"parts-1\":{\"caries\":true},\"type-2\":{\"caries\":true}}},\"11_\":{\"part\":{\"parts-4\":{\"caries\":true}}},\"21_\":{\"part\":{\"parts-1\":{\"caries\":true}}},\"22_\":{\"part\":{\"parts-3\":{\"caries\":true},\"parts-4\":{\"caries\":true}}},\"23_\":{\"part\":{\"parts-4\":{\"caries\":true}}},\"24_\":{\"part\":{\"parts-2-type-3\":{\"caries\":true},\"parts-1-type-3\":{\"caries\":true},\"parts-4\":{\"caries\":true}}},\"26_\":{\"part\":{\"parts-3-type-2\":{\"caries\":true},\"parts-4-type-2\":{\"caries\":true},\"parts-3\":{\"caries\":true}}},\"36_\":{\"part\":{\"parts-1-type-4\":{\"caries\":true},\"parts-2-type-4\":{\"caries\":true},\"parts-4-type-4\":{\"caries\":true},\"parts-3-type-4\":{\"caries\":true},\"parts-5-type-4\":{\"caries\":true},\"parts-3\":{\"caries\":true},\"parts-2\":{\"caries\":true},\"parts-4\":{\"caries\":true}}},\"15_\":{\"part\":{},\"state\":{\"diemte_extraido\":true}},\"18_\":{\"part\":{},\"state\":{\"diente_ausente\":true}},\"48_\":{\"part\":{},\"state\":{\"diente_ausente\":true}},\"25_\":{\"part\":{},\"state\":{\"diente_ausente\":true}},\"27_\":{\"part\":{},\"state\":{\"diente_ausente\":true}},\"28_\":{\"part\":{},\"state\":{\"diente_ausente\":true}},\"38_\":{\"part\":{},\"state\":{\"diente_ausente\":true}},\"34_\":{\"part\":{},\"state\":{\"diente_ausente\":true}},\"17_\":{\"part\":{\"parts-2-type-2\":{\"restauracion\":true},\"parts-1-type-2\":{\"restauracion\":true},\"parts-3-type-2\":{\"restauracion\":true},\"parts-4-type-2\":{\"restauracion\":true}},\"state\":{\"restauracion\":{\"option\":{\"restauracion_R\":true}}}},\"37_\":{\"part\":{\"parts-1-type-2\":{\"restauracion\":true},\"parts-2-type-2\":{\"restauracion\":true},\"parts-4-type-2\":{\"restauracion\":true},\"parts-3-type-2\":{\"restauracion\":true},\"parts-3\":{\"restauracion\":false}},\"state\":{\"restauracion\":{\"option\":{\"restauracion_R\":true}}}},\"45_\":{\"part\":{\"parts-1-type-3\":{\"restauracion\":true},\"parts-2-type-3\":{\"restauracion\":false}},\"state\":{\"restauracion\":{\"option\":{\"restauracion_R\":true}}}},\"46_\":{\"part\":{\"parts-2-type-4\":{\"restauracion\":true},\"parts-1-type-4\":{\"restauracion\":true},\"parts-3-type-4\":{\"restauracion\":true},\"parts-4-type-4\":{\"restauracion\":true},\"parts-5-type-4\":{\"restauracion\":true},\"parts-3\":{\"restauracion\":true}},\"state\":{\"restauracion\":{\"option\":{\"restauracion_AM\":true}}}},\"especificaciones\":\"Presencia de placa blanda y placa dura.\"}','{}','2021-08-31 20:59:38','2021-08-31 21:04:28'),(53,'Graciela Verenice','Gonzales Ballón',NULL,'43649726','974798128','ggomzalesballongmail.com',NULL,'Wed May 07 1986 00:00:00 GMT-0500 (hora estándar de Perú)','undefined',NULL,'{\"18_\":{\"part\":{\"parts-5-type-1\":{\"restauracion\":true},\"parts-2-type-1\":{\"restauracion\":true},\"parts-4-type-1\":{\"restauracion\":true},\"parts-6-type-1\":{\"restauracion\":true}},\"state\":{\"restauracion\":{\"option\":{\"restauracion_R\":true}}}},\"17_\":{\"part\":{\"parts-3-type-2\":{\"restauracion\":true},\"parts-3\":{\"restauracion\":true,\"caries\":false},\"parts-2\":{\"restauracion\":false},\"parts-1-type-2\":{\"caries\":false,\"restauracion\":true},\"parts-2-type-2\":{\"restauracion\":true},\"parts-4-type-2\":{\"restauracion\":true}},\"state\":{\"restauracion\":{\"option\":{\"restauracion_R\":true}}}},\"16_\":{\"part\":{\"parts-3-type-2\":{\"restauracion\":true},\"parts-3\":{\"restauracion\":true},\"parts-2\":{\"restauracion\":false},\"parts-2-type-2\":{\"restauracion\":true},\"parts-4-type-2\":{\"restauracion\":true}},\"state\":{\"restauracion\":{\"option\":{\"restauracion_R\":true}}}},\"25_\":{\"part\":{\"parts-2-type-3\":{\"restauracion\":true}},\"state\":{\"restauracion\":{\"option\":{\"restauracion_R\":true}}}},\"26_\":{\"part\":{\"parts-3\":{\"restauracion\":true}},\"state\":{\"restauracion\":{\"option\":{\"restauracion_R\":true}}}},\"28_\":{\"part\":{\"parts-5-type-1\":{\"restauracion\":true},\"parts-3\":{\"restauracion\":true},\"parts-2-type-1\":{\"restauracion\":true}},\"state\":{\"restauracion\":{\"option\":{\"restauracion_R\":true}}}},\"38_\":{\"part\":{\"parts-2-type-1\":{\"restauracion\":true},\"parts-5-type-1\":{\"restauracion\":true}},\"state\":{\"restauracion\":{\"option\":{\"restauracion_R\":true}}}},\"37_\":{\"part\":{\"parts-1-type-2\":{\"restauracion\":true},\"parts-4-type-2\":{\"restauracion\":true}},\"state\":{\"restauracion\":{\"option\":{\"restauracion_R\":true}}}},\"36_\":{\"part\":{\"parts-2\":{\"restauracion\":false},\"parts-2-type-4\":{\"restauracion\":true},\"parts-4-type-4\":{\"restauracion\":true},\"parts-3-type-4\":{\"restauracion\":true},\"parts-1-type-4\":{\"restauracion\":true},\"parts-5-type-4\":{\"restauracion\":true},\"parts-3\":{\"restauracion\":true}},\"state\":{\"restauracion\":{\"option\":{\"restauracion_R\":true}}}},\"35_\":{\"part\":{\"parts-2-type-3\":{\"restauracion\":true}},\"state\":{\"restauracion\":{\"option\":{\"restauracion_R\":true}}}},\"45_\":{\"part\":{\"parts-1-type-3\":{\"restauracion\":true}},\"state\":{\"restauracion\":{\"option\":{\"restauracion_R\":true}}}},\"46_\":{\"part\":{\"parts-1-type-4\":{\"restauracion\":true},\"parts-2\":{\"restauracion\":false},\"parts-2-type-4\":{\"restauracion\":true},\"parts-4-type-4\":{\"restauracion\":true},\"parts-3-type-4\":{\"restauracion\":true},\"parts-5-type-4\":{\"restauracion\":true},\"parts-3\":{\"restauracion\":true}},\"state\":{\"restauracion\":{\"option\":{\"restauracion_R\":true}}}},\"47_\":{\"part\":{\"parts-2-type-2\":{\"restauracion\":true},\"parts-3-type-2\":{\"restauracion\":true},\"parts-4-type-2\":{\"restauracion\":true}},\"state\":{\"restauracion\":{\"option\":{\"restauracion_R\":true}}}},\"48_\":{\"part\":{\"parts-5-type-1\":{\"restauracion\":true},\"parts-2-type-1\":{\"restauracion\":true}},\"state\":{\"restauracion\":{\"option\":{\"restauracion_R\":true}}}},\"14_\":{\"part\":{},\"state\":{\"diente_ausente\":true}},\"24_\":{\"part\":{},\"state\":{\"diente_ausente\":true}},\"34_\":{\"part\":{},\"state\":{\"diente_ausente\":true}},\"44_\":{\"part\":{},\"state\":{\"diente_ausente\":true}},\"27_\":{\"part\":{\"parts-1-type-2\":{\"caries\":true},\"parts-2-type-2\":{\"caries\":true},\"parts-4-type-2\":{\"caries\":true},\"parts-3-type-2\":{\"caries\":true},\"parts-3\":{\"caries\":true}}},\"especificaciones\":\"Presencia de placa blanda y placa dura\"}','{\"hipertension\":false,\"alergiaff_text\":\"hipertiroidismo\"}','2021-09-01 14:34:04','2021-09-01 14:41:48'),(54,'Alvaro gonzalo','Diaz Pantigoso',NULL,'40190820','959160623','undefined',NULL,'Tue Apr 03 1979 00:00:00 GMT-0500 (hora estándar de Perú)','undefined',NULL,'{\"15_\":{\"part\":{\"parts-4\":{\"caries\":true},\"parts-2-type-3\":{\"caries\":true}}},\"14_\":{\"part\":{\"parts-1\":{\"caries\":true},\"parts-2-type-3\":{\"caries\":true}}},\"16_\":{\"part\":{},\"state\":{\"diente_ausente\":true}},\"26_\":{\"part\":{},\"state\":{\"diente_ausente\":true}},\"46_\":{\"part\":{},\"state\":{\"corona_temporal\":{\"option\":{\"corona_temporal_cmc\":true}}}},\"especificaciones\":\"Ligera movilidad dental\\nPresencia de placa blanda\"}','{}','2021-09-01 15:35:18','2021-09-01 15:36:54'),(55,'Brandon Feliz','Lima Umeres',NULL,'74284612','983364930','brandon.lima.15@gmail.com',NULL,'Sun Nov 21 1999 00:00:00 GMT-0500 (hora estándar de Perú)','undefined',NULL,'{\"17_\":{\"part\":{\"parts-4-type-2\":{\"restauracion\":true},\"parts-1-type-2\":{\"restauracion\":true},\"parts-3-type-2\":{\"restauracion\":true}},\"state\":{}},\"16_\":{\"part\":{\"parts-3-type-2\":{\"restauracion\":true},\"parts-2\":{\"restauracion\":false},\"parts-2-type-2\":{\"restauracion\":true}},\"state\":{}},\"14_\":{\"part\":{\"parts-2-type-3\":{\"restauracion\":true}},\"state\":{\"restauracion\":{\"option\":{\"restauracion_R\":true}}}},\"25_\":{\"part\":{\"parts-1-type-3\":{\"restauracion\":true},\"parts-4\":{\"restauracion\":true}},\"state\":{\"restauracion\":{\"option\":{\"restauracion_R\":true}}}},\"26_\":{\"part\":{\"parts-3-type-2\":{\"restauracion\":true},\"parts-2-type-2\":{\"restauracion\":true}},\"state\":{}},\"27_\":{\"part\":{\"parts-4-type-2\":{\"restauracion\":true},\"parts-1-type-2\":{\"restauracion\":true}},\"state\":{\"restauracion\":{\"option\":{\"restauracion_R\":true}}}},\"37_\":{\"part\":{\"parts-4-type-2\":{\"restauracion\":true}},\"state\":{\"restauracion\":{\"option\":{\"restauracion_R\":true}}}},\"36_\":{\"part\":{\"parts-4-type-4\":{\"restauracion\":true},\"parts-1-type-4\":{\"restauracion\":true},\"parts-2\":{\"restauracion\":false},\"parts-3\":{\"restauracion\":true},\"parts-2-type-4\":{\"restauracion\":false}},\"state\":{\"restauracion\":{\"option\":{\"restauracion_R\":true}}}},\"46_\":{\"part\":{\"parts-2-type-4\":{\"restauracion\":true},\"parts-1-type-4\":{\"restauracion\":true},\"parts-3\":{\"restauracion\":true}},\"state\":{\"restauracion\":{\"option\":{\"restauracion_R\":true}}}},\"12_\":{\"part\":{\"parts-2\":{\"caries\":true}}},\"22_\":{\"part\":{\"parts-2\":{\"caries\":true}}},\"24_\":{\"part\":{\"parts-1-type-3\":{\"caries\":true}}},\"28_\":{\"part\":{\"parts-5-type-1\":{\"caries\":true},\"parts-2-type-1\":{\"caries\":true},\"parts-6-type-1\":{\"caries\":true},\"parts-1-type-1\":{\"caries\":true},\"parts-4-type-1\":{\"caries\":true},\"parts-3-type-1\":{\"caries\":true}},\"state\":{\"diemte_extraido\":true}},\"35_\":{\"part\":{\"parts-1-type-3\":{\"caries\":true},\"parts-3\":{\"restauracion\":true}},\"state\":{\"restauracion\":{\"option\":{\"restauracion_R\":true}}}},\"47_\":{\"part\":{\"parts-1-type-2\":{\"caries\":true},\"parts-3\":{\"caries\":true},\"parts-3-type-2\":{\"caries\":true},\"parts-4-type-2\":{\"caries\":true}}},\"34_\":{\"part\":{},\"state\":{\"restauracion\":{\"option\":{\"restauracion_R\":true}}}},\"especificaciones\":\"Presencia de placa blanda y dura\"}','[]','2021-09-03 15:13:06','2021-10-15 16:54:04'),(56,'Victoria  Maria','Puma Mamani',NULL,'29643302','914806253','undefined',NULL,'Sat May 17 1975 00:00:00 GMT-0500 (hora estándar de Perú)','undefined',NULL,'{\"18_\":{\"part\":{},\"state\":{\"diente_ausente\":true}},\"28_\":{\"part\":{},\"state\":{\"diente_ausente\":false,\"protesis_fija_buena\":{\"start\":false,\"middle\":false,\"end\":true}}},\"38_\":{\"part\":{},\"state\":{\"diente_ausente\":true}},\"48_\":{\"part\":{},\"state\":{\"diente_ausente\":true}},\"15_\":{\"part\":{\"parts-2\":{\"caries\":true},\"parts-1\":{\"caries\":true},\"parts-2-type-3\":{\"caries\":true},\"parts-1-type-3\":{\"caries\":true},\"parts-4\":{\"caries\":true}}},\"14_\":{\"part\":{\"parts-2\":{\"caries\":true},\"parts-1-type-3\":{\"restauracion\":true},\"parts-2-type-3\":{\"restauracion\":true}},\"state\":{\"restauracion\":{\"option\":{\"restauracion_R\":true}}}},\"24_\":{\"part\":{\"parts-2\":{\"caries\":true}}},\"25_\":{\"part\":{\"parts-2\":{\"caries\":false}},\"state\":{\"protesis_fija_buena\":{\"start\":true,\"middle\":false,\"end\":false}}},\"22_\":{\"part\":{\"type-2\":{\"caries\":true},\"parts-4\":{\"caries\":true}}},\"47_\":{\"part\":{\"parts-1-type-2\":{\"caries\":true},\"parts-2-type-2\":{\"caries\":true},\"parts-4-type-2\":{\"caries\":true},\"parts-3-type-2\":{\"caries\":true},\"parts-4\":{\"caries\":true}},\"state\":{\"trat_pulpar_malo\":{\"option\":{}}}},\"46_\":{\"part\":{\"parts-2-type-4\":{\"restauracion\":true},\"parts-1-type-4\":{\"restauracion\":true},\"parts-1\":{\"restauracion\":true},\"parts-3-type-4\":{\"restauracion\":true},\"parts-4-type-4\":{\"restauracion\":true},\"parts-5-type-4\":{\"restauracion\":true}},\"state\":{\"restauracion\":{\"option\":{\"restauracion_R\":true}}}},\"23_\":{\"part\":{\"parts-2\":{\"caries\":true}}},\"26_\":{\"part\":{},\"state\":{\"protesis_fija_buena\":{\"start\":false,\"middle\":true,\"end\":false}}},\"27_\":{\"part\":{},\"state\":{\"protesis_fija_buena\":{\"start\":false,\"middle\":true,\"end\":false}}},\"35_\":{\"part\":{\"parts-1\":{\"caries\":true},\"parts-1-type-3\":{\"caries\":true},\"parts-2-type-3\":{\"caries\":true},\"parts-4\":{\"caries\":true},\"parts-3\":{\"caries\":true}},\"state\":{\"diemte_extraido\":false}},\"34_\":{\"part\":{\"parts-2-type-3\":{\"restauracion\":true,\"caries\":true},\"parts-1\":{\"restauracion\":true,\"caries\":true},\"parts-4\":{\"restauracion\":true,\"caries\":true},\"parts-1-type-3\":{\"restauracion\":true,\"caries\":true}},\"state\":{\"restauracion\":{\"option\":{\"restauracion_R\":true}}}},\"36_\":{\"part\":{\"parts-1\":{\"restauracion\":true,\"caries\":true},\"parts-1-type-4\":{\"restauracion\":true,\"caries\":true},\"parts-2-type-4\":{\"restauracion\":true,\"caries\":true},\"parts-4-type-4\":{\"restauracion\":true,\"caries\":true},\"parts-3-type-4\":{\"restauracion\":true,\"caries\":true},\"parts-5-type-4\":{\"restauracion\":true,\"caries\":true},\"parts-4\":{\"restauracion\":true,\"caries\":true}},\"state\":{\"restauracion\":{\"option\":{\"restauracion_R\":true}}}},\"17_\":{\"part\":{\"parts-1-type-2\":{\"restauracion\":true},\"parts-4-type-2\":{\"restauracion\":true}},\"state\":{\"restauracion\":{\"option\":{\"restauracion_R\":true}}}},\"16_\":{\"part\":{\"parts-4-type-2\":{\"restauracion\":true},\"parts-1-type-2\":{\"restauracion\":true}},\"state\":{\"restauracion\":{\"option\":{\"restauracion_R\":true}}}}}','[]','2021-09-06 21:39:35','2021-10-22 22:50:37'),(57,'Ana Sofia','Medina Aliaga',NULL,'72613618','969247557','anasofima@hotmail.com',NULL,'Mon Feb 24 2003 00:00:00 GMT-0500 (hora estándar de Perú)','undefined',NULL,'{\"17_\":{\"part\":{\"parts-3-type-2\":{\"caries\":true},\"parts-4-type-2\":{\"caries\":true},\"parts-2-type-2\":{\"caries\":true},\"parts-1-type-2\":{\"caries\":true}}},\"16_\":{\"part\":{\"parts-1-type-2\":{\"caries\":true},\"parts-2-type-2\":{\"caries\":true},\"parts-3-type-2\":{\"caries\":true},\"parts-4-type-2\":{\"caries\":true},\"parts-3\":{\"caries\":true}}},\"26_\":{\"part\":{\"parts-1-type-2\":{\"caries\":true},\"parts-2-type-2\":{\"caries\":true},\"parts-3-type-2\":{\"caries\":true},\"parts-4-type-2\":{\"caries\":true},\"parts-3\":{\"caries\":true}}},\"27_\":{\"part\":{\"parts-1-type-2\":{\"caries\":true},\"parts-2-type-2\":{\"caries\":true},\"parts-3-type-2\":{\"caries\":true},\"parts-4-type-2\":{\"caries\":true}}},\"37_\":{\"part\":{\"parts-1-type-2\":{\"caries\":true},\"parts-2-type-2\":{\"caries\":true},\"parts-4-type-2\":{\"caries\":true},\"parts-3-type-2\":{\"caries\":true}}},\"36_\":{\"part\":{\"parts-1-type-4\":{\"caries\":true},\"parts-2-type-4\":{\"caries\":true},\"parts-4-type-4\":{\"caries\":true},\"parts-3\":{\"caries\":true}}},\"46_\":{\"part\":{\"parts-1-type-4\":{\"caries\":true},\"parts-2-type-4\":{\"caries\":true},\"parts-4-type-4\":{\"caries\":true},\"parts-3\":{\"caries\":true}}},\"47_\":{\"part\":{\"parts-1-type-2\":{\"caries\":true},\"parts-2-type-2\":{\"caries\":true},\"parts-3-type-2\":{\"caries\":true},\"parts-4-type-2\":{\"caries\":true}}},\"14_\":{\"part\":{},\"state\":{\"diente_ausente\":true}},\"24_\":{\"part\":{},\"state\":{\"diente_ausente\":true}},\"44_\":{\"part\":{},\"state\":{\"diente_ausente\":true}},\"34_\":{\"part\":{},\"state\":{\"diente_ausente\":true}},\"48_\":{\"part\":{},\"state\":{\"diemte_extraido\":true}},\"especificaciones\":\"Presencia de placa blanda y dura.\",\"23_\":{\"part\":{},\"state\":{\"ap_ortodontico_fijo_bueno\":{\"start\":false,\"middle\":false,\"end\":true}}},\"13_\":{\"part\":{},\"state\":{\"ap_ortodontico_fijo_bueno\":{\"start\":true,\"middle\":false,\"end\":false}}},\"12_\":{\"part\":{},\"state\":{\"ap_ortodontico_fijo_bueno\":{\"start\":false,\"middle\":true,\"end\":false}}},\"11_\":{\"part\":{},\"state\":{\"ap_ortodontico_fijo_bueno\":{\"start\":false,\"middle\":true,\"end\":false}}},\"21_\":{\"part\":{},\"state\":{\"ap_ortodontico_fijo_bueno\":{\"start\":false,\"middle\":true,\"end\":false}}},\"22_\":{\"part\":{},\"state\":{\"ap_ortodontico_fijo_bueno\":{\"start\":false,\"middle\":true,\"end\":false}}},\"43_\":{\"part\":{},\"state\":{\"ap_ortodontico_fijo_bueno\":{\"start\":true,\"middle\":false,\"end\":false}}},\"33_\":{\"part\":{},\"state\":{\"ap_ortodontico_fijo_bueno\":{\"start\":false,\"middle\":false,\"end\":true}}},\"42_\":{\"part\":{},\"state\":{\"ap_ortodontico_fijo_bueno\":{\"start\":false,\"middle\":true,\"end\":false}}},\"41_\":{\"part\":{},\"state\":{\"ap_ortodontico_fijo_bueno\":{\"start\":false,\"middle\":true,\"end\":false}}},\"31_\":{\"part\":{},\"state\":{\"ap_ortodontico_fijo_bueno\":{\"start\":false,\"middle\":true,\"end\":false}}},\"32_\":{\"part\":{},\"state\":{\"ap_ortodontico_fijo_bueno\":{\"start\":false,\"middle\":true,\"end\":false}}}}','{}','2021-09-08 14:11:39','2021-09-08 14:14:26'),(58,'Johselyn Julitte','Ortiz Meza',NULL,'45354458','921379579','undefined',NULL,'Thu Apr 21 1988 00:00:00 GMT-0500 (hora estándar de Perú)','undefined',NULL,'{\"14_\":{\"part\":{},\"state\":{\"diente_ausente\":true}},\"24_\":{\"part\":{},\"state\":{\"diente_ausente\":true}},\"34_\":{\"part\":{},\"state\":{\"diente_ausente\":false}},\"44_\":{\"part\":{},\"state\":{\"diente_ausente\":true}},\"18_\":{\"part\":{},\"state\":{\"diente_ausente\":true}},\"28_\":{\"part\":{},\"state\":{\"diente_ausente\":true}},\"38_\":{\"part\":{},\"state\":{\"diente_ausente\":true}},\"48_\":{\"part\":{},\"state\":{\"diente_ausente\":true}},\"37_\":{\"part\":{\"parts-3\":{\"caries\":true},\"parts-4\":{\"caries\":true},\"parts-1-type-2\":{\"restauracion\":true},\"parts-4-type-2\":{\"restauracion\":true}},\"state\":{\"restauracion\":{\"option\":{\"restauracion_R\":true}}}},\"21_\":{\"part\":{\"parts-2\":{\"caries\":true}}},\"17_\":{\"part\":{\"parts-4-type-2\":{\"restauracion\":true},\"parts-1-type-2\":{\"restauracion\":true}},\"state\":{\"restauracion\":{\"option\":{\"restauracion_R\":true}}}},\"16_\":{\"part\":{\"parts-1-type-2\":{\"restauracion\":true},\"parts-4-type-2\":{\"restauracion\":true}},\"state\":{\"restauracion\":{\"option\":{\"restauracion_R\":true}}}},\"47_\":{\"part\":{\"parts-1-type-2\":{\"restauracion\":true},\"parts-4-type-2\":{\"restauracion\":true}},\"state\":{\"restauracion\":{\"option\":{\"restauracion_R\":true}}}},\"46_\":{\"part\":{\"parts-4-type-4\":{\"restauracion\":true},\"parts-1-type-4\":{\"restauracion\":true},\"parts-2-type-4\":{\"restauracion\":true}},\"state\":{\"restauracion\":{\"option\":{\"restauracion_R\":true}}}},\"36_\":{\"part\":{\"parts-2-type-4\":{\"restauracion\":true},\"parts-1-type-4\":{\"restauracion\":true},\"parts-4-type-4\":{\"restauracion\":true}},\"state\":{\"restauracion\":{\"option\":{\"restauracion_R\":true}}}},\"26_\":{\"part\":{\"parts-1-type-2\":{\"restauracion\":true},\"parts-4-type-2\":{\"restauracion\":true}},\"state\":{\"restauracion\":{\"option\":{\"restauracion_R\":true}}}},\"27_\":{\"part\":{\"parts-1-type-2\":{\"restauracion\":true},\"parts-4-type-2\":{\"restauracion\":true}},\"state\":{\"restauracion\":{\"option\":{\"restauracion_R\":true}}}},\"11_\":{\"part\":{\"parts-2\":{\"restauracion\":true}},\"state\":{\"restauracion\":{\"option\":{\"restauracion_R\":true}}}},\"especificaciones\":\"Presencia de placa blanda\"}','{}','2021-09-09 17:20:09','2021-09-09 17:22:56'),(60,'Enrique','Velarde Huamán',NULL,'46750268','931757718','enriquevlarde1@outlook.es',NULL,'Thu Jan 17 1991 00:00:00 GMT-0500 (hora estándar de Perú)','undefined',NULL,'{\"18_\":{\"part\":{\"parts-5-type-1\":{\"caries\":true},\"parts-2-type-1\":{\"caries\":true,\"restauracion\":false},\"parts-1-type-1\":{\"caries\":true},\"parts-4-type-1\":{\"caries\":true,\"restauracion\":false},\"parts-3-type-1\":{\"caries\":true},\"parts-6-type-1\":{\"caries\":true}},\"state\":{}},\"17_\":{\"part\":{\"parts-3-type-2\":{\"restauracion\":true},\"parts-2-type-2\":{\"restauracion\":true}},\"state\":{\"restauracion\":{\"option\":{\"restauracion_R\":true}}}},\"16_\":{\"part\":{\"parts-2-type-2\":{\"restauracion\":true},\"parts-3-type-2\":{\"restauracion\":true}},\"state\":{\"restauracion\":{\"option\":{\"restauracion_R\":true}}}},\"13_\":{\"part\":{\"parts-3\":{\"restauracion\":true}},\"state\":{\"restauracion\":{\"option\":{\"restauracion_R\":true}}}},\"12_\":{\"part\":{\"type-2\":{\"restauracion\":false},\"parts-3\":{\"restauracion\":true}},\"state\":{\"restauracion\":{\"option\":{\"restauracion_R\":true}}}},\"11_\":{\"part\":{\"parts-4\":{\"restauracion\":true}},\"state\":{\"restauracion\":{\"option\":{\"restauracion_R\":true}}}},\"21_\":{\"part\":{\"parts-1\":{\"restauracion\":true}},\"state\":{\"restauracion\":{\"option\":{\"restauracion_R\":true}}}},\"22_\":{\"part\":{\"parts-3\":{\"restauracion\":true}},\"state\":{\"restauracion\":{\"option\":{\"restauracion_R\":true}}}},\"23_\":{\"part\":{\"parts-3\":{\"restauracion\":true}},\"state\":{\"restauracion\":{\"option\":{\"restauracion_R\":true}}}},\"26_\":{\"part\":{\"parts-2-type-2\":{\"restauracion\":true},\"parts-3-type-2\":{\"restauracion\":true}},\"state\":{\"restauracion\":{\"option\":{\"restauracion_R\":true}}}},\"27_\":{\"part\":{\"parts-2-type-2\":{\"restauracion\":true},\"parts-3-type-2\":{\"restauracion\":true}},\"state\":{\"restauracion\":{\"option\":{\"restauracion_R\":true}}}},\"28_\":{\"part\":{\"parts-2-type-1\":{\"restauracion\":true},\"parts-5-type-1\":{\"restauracion\":true}},\"state\":{\"restauracion\":{\"option\":{\"restauracion_R\":true}}}},\"38_\":{\"part\":{\"parts-2-type-1\":{\"restauracion\":false},\"parts-5-type-1\":{\"restauracion\":true},\"parts-1-type-1\":{\"restauracion\":true},\"parts-4-type-1\":{\"restauracion\":true}},\"state\":{\"restauracion\":{\"option\":{\"restauracion_R\":true}}}},\"37_\":{\"part\":{\"parts-2-type-2\":{\"restauracion\":true},\"parts-3-type-2\":{\"restauracion\":true},\"parts-1-type-2\":{\"restauracion\":true}},\"state\":{\"restauracion\":{\"option\":{\"restauracion_R\":true}}}},\"36_\":{\"part\":{\"parts-4-type-4\":{\"restauracion\":true},\"parts-2-type-4\":{\"restauracion\":true},\"parts-1-type-4\":{\"restauracion\":true}},\"state\":{\"restauracion\":{\"option\":{\"restauracion_R\":true}}}},\"35_\":{\"part\":{\"parts-2-type-3\":{\"restauracion\":true},\"parts-1-type-3\":{\"restauracion\":true}},\"state\":{\"restauracion\":{\"option\":{\"restauracion_R\":true}}}},\"34_\":{\"part\":{\"parts-2-type-3\":{\"restauracion\":true},\"parts-1-type-3\":{\"restauracion\":true}},\"state\":{\"restauracion\":{\"option\":{\"restauracion_R\":true}}}},\"44_\":{\"part\":{\"parts-2-type-3\":{\"restauracion\":true},\"parts-1-type-3\":{\"restauracion\":true}},\"state\":{\"restauracion\":{\"option\":{\"restauracion_R\":true}}}},\"45_\":{\"part\":{\"parts-1-type-3\":{\"restauracion\":true},\"parts-2-type-3\":{\"restauracion\":true}},\"state\":{\"restauracion\":{\"option\":{\"restauracion_R\":true}}}},\"46_\":{\"part\":{\"parts-4-type-4\":{\"restauracion\":true},\"parts-2-type-4\":{\"restauracion\":true},\"parts-3\":{\"restauracion\":true},\"parts-1-type-4\":{\"restauracion\":true},\"parts-3-type-4\":{\"restauracion\":true}},\"state\":{\"restauracion\":{\"option\":{\"restauracion_R\":true}}}},\"47_\":{\"part\":{\"parts-3-type-2\":{\"restauracion\":true},\"parts-2-type-2\":{\"restauracion\":true},\"parts-4-type-2\":{\"restauracion\":true},\"parts-1-type-2\":{\"restauracion\":true}},\"state\":{\"restauracion\":{\"option\":{\"restauracion_R\":true}}}},\"48_\":{\"part\":{\"parts-2-type-1\":{\"restauracion\":true},\"parts-5-type-1\":{\"restauracion\":true},\"parts-1-type-1\":{\"restauracion\":true},\"parts-3-type-1\":{\"restauracion\":true},\"parts-6-type-1\":{\"restauracion\":true}},\"state\":{\"restauracion\":{\"option\":{\"restauracion_R\":true}}}},\"14_\":{\"part\":{},\"state\":{\"diente_ausente\":true}},\"24_\":{\"part\":{},\"state\":{\"diente_ausente\":true}}}','{\"alergiaff_text\":\"lincomicina\"}','2021-09-10 16:55:26','2021-09-10 17:02:30'),(61,'Victor','Condori Ticona',NULL,'41224254','982538048','undefined',NULL,'Wed Feb 22 1978 00:00:00 GMT-0500 (hora estándar de Perú)','undefined',NULL,'{\"18_\":{\"part\":{\"parts-2-type-1\":{\"caries\":true},\"parts-5-type-1\":{\"caries\":true},\"parts-4-type-1\":{\"caries\":true}}},\"17_\":{\"part\":{\"parts-3-type-2\":{\"caries\":true},\"parts-4-type-2\":{\"caries\":true},\"parts-3\":{\"caries\":true},\"parts-1-type-2\":{\"caries\":true},\"parts-2-type-2\":{\"caries\":true}}},\"15_\":{\"part\":{\"parts-2\":{\"caries\":true}}},\"14_\":{\"part\":{\"parts-2\":{\"caries\":true}}},\"37_\":{\"part\":{\"parts-4-type-2\":{\"caries\":true},\"parts-1-type-2\":{\"caries\":true},\"parts-2-type-2\":{\"caries\":true},\"parts-3-type-2\":{\"caries\":true}}},\"45_\":{\"part\":{\"parts-1\":{\"caries\":true},\"parts-1-type-3\":{\"caries\":true},\"parts-2-type-3\":{\"caries\":true}}},\"46_\":{\"part\":{\"parts-2-type-4\":{\"caries\":true},\"parts-1-type-4\":{\"caries\":true},\"parts-3-type-4\":{\"caries\":true},\"parts-4-type-4\":{\"caries\":true},\"parts-5-type-4\":{\"caries\":true},\"parts-3\":{\"caries\":true}}},\"12_\":{\"part\":{},\"state\":{\"protesis_fija_malo\":{\"start\":true,\"middle\":false,\"end\":false}}},\"22_\":{\"part\":{},\"state\":{\"protesis_fija_malo\":{\"start\":false,\"middle\":false,\"end\":true}}},\"11_\":{\"part\":{},\"state\":{\"protesis_fija_malo\":{\"start\":false,\"middle\":true,\"end\":false}}},\"21_\":{\"part\":{},\"state\":{\"protesis_fija_malo\":{\"start\":false,\"middle\":true,\"end\":false}}},\"16_\":{\"part\":{},\"state\":{\"diente_ausente\":true}},\"28_\":{\"part\":{},\"state\":{\"diente_ausente\":true}},\"47_\":{\"part\":{\"parts-2-type-2\":{\"restauracion\":true},\"parts-1-type-2\":{\"restauracion\":true},\"parts-3-type-2\":{\"restauracion\":true},\"parts-4-type-2\":{\"restauracion\":true}},\"state\":{\"restauracion\":{\"option\":{\"restauracion_AM\":true}}}},\"36_\":{\"part\":{\"parts-1-type-4\":{\"restauracion\":true},\"parts-2-type-4\":{\"restauracion\":true},\"parts-4-type-4\":{\"restauracion\":true},\"parts-3-type-4\":{\"restauracion\":true},\"parts-5-type-4\":{\"restauracion\":true}},\"state\":{\"restauracion\":{\"option\":{\"restauracion_AM\":true}}}},\"38_\":{\"part\":{\"parts-1-type-1\":{\"restauracion\":true},\"parts-2-type-1\":{\"restauracion\":true},\"parts-3-type-1\":{\"restauracion\":true},\"parts-6-type-1\":{\"restauracion\":true},\"parts-5-type-1\":{\"restauracion\":true},\"parts-4-type-1\":{\"restauracion\":true}},\"state\":{\"restauracion\":{\"option\":{\"restauracion_R\":true}}}},\"26_\":{\"part\":{\"parts-2-type-2\":{\"restauracion\":true},\"parts-1-type-2\":{\"restauracion\":true},\"parts-3-type-2\":{\"restauracion\":true},\"parts-4-type-2\":{\"restauracion\":true}},\"state\":{\"restauracion\":{\"option\":{\"restauracion_R\":true}}}},\"27_\":{\"part\":{\"parts-2-type-2\":{\"restauracion\":true},\"parts-1-type-2\":{\"restauracion\":true},\"parts-3-type-2\":{\"restauracion\":true},\"parts-4-type-2\":{\"restauracion\":true}},\"state\":{\"restauracion\":{\"option\":{\"restauracion_R\":true}}}}}','{}','2021-09-16 00:30:25','2021-09-16 00:34:40'),(62,'Roosvell','Marroquin Ugarte',NULL,'06527105','undefined','undefined',NULL,'Sun Oct 14 1956 00:00:00 GMT-0500 (hora estándar de Perú)','undefined',NULL,'{\"18_\":{\"part\":{},\"state\":{\"diente_ausente\":true}},\"17_\":{\"part\":{\"parts-3-type-2\":{\"restauracion\":true},\"parts-2-type-2\":{\"restauracion\":true}},\"state\":{\"restauracion\":{\"option\":{\"restauracion_AM\":true}}}},\"14_\":{\"part\":{\"parts-4\":{\"restauracion\":true},\"parts-1-type-3\":{\"restauracion\":true}},\"state\":{\"restauracion\":{\"option\":{\"restauracion_AM\":true}}}},\"28_\":{\"part\":{\"parts-2-type-1\":{\"restauracion\":true}},\"state\":{\"restauracion\":{\"option\":{\"restauracion_AM\":true}}}},\"15_\":{\"part\":{\"parts-1-type-3\":{\"restauracion\":true}},\"state\":{\"restauracion\":{\"option\":{\"restauracion_R\":true}}}},\"25_\":{\"part\":{\"parts-2-type-3\":{\"restauracion\":true}},\"state\":{\"restauracion\":{\"option\":{\"restauracion_R\":true}}}},\"44_\":{\"part\":{\"parts-2-type-3\":{\"restauracion\":true}},\"state\":{\"restauracion\":{\"option\":{\"restauracion_R\":true}}}},\"16_\":{\"part\":{\"parts-2-type-2\":{\"caries\":true},\"parts-4\":{\"caries\":true},\"parts-3-type-2\":{\"caries\":true}}},\"26_\":{\"part\":{\"parts-4-type-2\":{\"caries\":false},\"parts-2-type-2\":{\"caries\":true},\"parts-4\":{\"caries\":true},\"parts-3\":{\"caries\":true}}},\"12_\":{\"part\":{},\"state\":{\"corona_definitiva\":{\"option\":{\"corona_definitiva_CMC\":true}},\"perno_bueno\":{\"option\":{\"perno_bueno_mm\":true}},\"tratamiento_pulpar\":{\"option\":{}}}},\"11_\":{\"part\":{},\"state\":{\"corona_definitiva\":{\"option\":{\"corona_definitiva_CMC\":true}},\"perno_bueno\":{\"option\":{\"perno_bueno_mm\":true}},\"tratamiento_pulpar\":{\"option\":{}}}},\"21_\":{\"part\":{},\"state\":{\"corona_definitiva\":{\"option\":{\"corona_definitiva_CMC\":true}},\"perno_bueno\":{\"option\":{\"perno_bueno_mm\":true}},\"tratamiento_pulpar\":{\"option\":{}}}},\"22_\":{\"part\":{},\"state\":{\"corona_definitiva\":{\"option\":{\"corona_definitiva_CMC\":true}},\"perno_bueno\":{\"option\":{\"perno_bueno_mm\":true}},\"tratamiento_pulpar\":{\"option\":{}}}},\"33_\":{\"part\":{},\"state\":{\"protesis_fija_buena\":{\"start\":true,\"middle\":false,\"end\":false}}},\"37_\":{\"part\":{},\"state\":{\"protesis_fija_buena\":{\"start\":false,\"middle\":false,\"end\":true},\"tratamiento_pulpar\":{\"option\":{}}}},\"34_\":{\"part\":{},\"state\":{\"protesis_fija_buena\":{\"start\":false,\"middle\":true,\"end\":false}}},\"35_\":{\"part\":{},\"state\":{\"protesis_fija_buena\":{\"start\":false,\"middle\":true,\"end\":false}}},\"36_\":{\"part\":{},\"state\":{\"protesis_fija_buena\":{\"start\":false,\"middle\":true,\"end\":false},\"tratamiento_pulpar\":{\"option\":{}}}},\"45_\":{\"part\":{},\"state\":{\"corona_temporal\":{\"option\":{}}}},\"47_\":{\"part\":{},\"state\":{\"corona_temporal\":{\"option\":{}},\"diente_ausente\":false,\"tratamiento_pulpar\":{\"option\":{}}}},\"38_\":{\"part\":{},\"state\":{\"diente_ausente\":true}},\"27_\":{\"part\":{},\"state\":{\"diemte_extraido\":true}},\"46_\":{\"part\":{},\"state\":{\"diente_ausente\":true}},\"48_\":{\"part\":{},\"state\":{\"diente_ausente\":true}},\"23_\":{\"part\":{\"parts-1\":{\"caries\":true},\"type-2\":{\"caries\":true}}},\"especificaciones\":\"piezas 21 22 endodoncias revisar con rx. periapical\"}','{\"r4_text\":\"cardiaspirina\"}','2021-09-21 14:43:46','2021-10-01 17:19:25'),(63,'Miguel Angel','Roncalla Marroquin',NULL,'70004928','996528742','mieguel8913a@gmail.com',NULL,'Fri Oct 13 1989 00:00:00 GMT-0500 (hora estándar de Perú)','undefined',NULL,'{\"17_\":{\"part\":{\"parts-1-type-2\":{\"restauracion\":true},\"parts-4-type-2\":{\"restauracion\":true}},\"state\":{\"restauracion\":{\"option\":{\"restauracion_R\":true}}}},\"15_\":{\"part\":{\"parts-1-type-3\":{\"restauracion\":true},\"parts-2-type-3\":{\"restauracion\":true}},\"state\":{\"restauracion\":{\"option\":{\"restauracion_R\":true}}}},\"25_\":{\"part\":{\"parts-2-type-3\":{\"restauracion\":true},\"parts-1-type-3\":{\"restauracion\":true}},\"state\":{\"restauracion\":{\"option\":{\"restauracion_R\":true}}}},\"26_\":{\"part\":{\"parts-2-type-2\":{\"restauracion\":true},\"parts-3-type-2\":{\"restauracion\":true}},\"state\":{\"restauracion\":{\"option\":{\"restauracion_R\":true}}}},\"37_\":{\"part\":{\"parts-3-type-2\":{\"restauracion\":true}},\"state\":{\"restauracion\":{\"option\":{\"restauracion_R\":true}}}},\"36_\":{\"part\":{\"parts-3\":{\"restauracion\":true},\"parts-4-type-4\":{\"restauracion\":false},\"parts-5-type-4\":{\"restauracion\":true},\"parts-1-type-4\":{\"restauracion\":true}},\"state\":{\"restauracion\":{\"option\":{\"restauracion_R\":true}}}},\"47_\":{\"part\":{\"parts-3-type-2\":{\"restauracion\":true},\"parts-2-type-2\":{\"restauracion\":true}},\"state\":{\"restauracion\":{\"option\":{\"restauracion_R\":true}}}},\"18_\":{\"part\":{},\"state\":{\"diente_ausente\":true}},\"35_\":{\"part\":{},\"state\":{\"diente_ausente\":true}},\"48_\":{\"part\":{},\"state\":{\"diente_ausente\":true}},\"46_\":{\"part\":{\"parts-5-type-4\":{\"caries\":true},\"parts-1-type-4\":{\"caries\":true},\"parts-3\":{\"caries\":true},\"parts-1\":{\"caries\":true},\"parts-2-type-4\":{\"caries\":true},\"parts-4-type-4\":{\"caries\":true},\"parts-3-type-4\":{\"caries\":true}}},\"especificaciones\":\"Presencia de placa\"}','[]','2021-09-21 15:05:04','2021-09-21 15:07:33'),(64,'Marisela','Nuñez Contreras',NULL,'29375499','987102128','undefined',NULL,'Sat Oct 31 1953 00:00:00 GMT-0500 (hora estándar de Perú)','undefined',NULL,'{\"18_\":{\"part\":{},\"state\":{\"protesis_removible_malo\":{\"start\":true,\"middle\":false,\"end\":false}}},\"14_\":{\"part\":{},\"state\":{\"protesis_removible_malo\":{\"start\":false,\"middle\":false,\"end\":true}}},\"17_\":{\"part\":{},\"state\":{\"protesis_removible_malo\":{\"start\":false,\"middle\":true,\"end\":false}}},\"16_\":{\"part\":{},\"state\":{\"protesis_removible_malo\":{\"start\":false,\"middle\":true,\"end\":false}}},\"15_\":{\"part\":{},\"state\":{\"protesis_removible_malo\":{\"start\":false,\"middle\":true,\"end\":false}}},\"23_\":{\"part\":{},\"state\":{\"protesis_removible_malo\":{\"start\":true,\"middle\":false,\"end\":false}}},\"28_\":{\"part\":{},\"state\":{\"protesis_removible_malo\":{\"start\":false,\"middle\":false,\"end\":true}}},\"24_\":{\"part\":{},\"state\":{\"protesis_removible_malo\":{\"start\":false,\"middle\":true,\"end\":false}}},\"25_\":{\"part\":{},\"state\":{\"protesis_removible_malo\":{\"start\":false,\"middle\":true,\"end\":false}}},\"26_\":{\"part\":{},\"state\":{\"protesis_removible_malo\":{\"start\":false,\"middle\":true,\"end\":false}}},\"27_\":{\"part\":{},\"state\":{\"protesis_removible_malo\":{\"start\":false,\"middle\":true,\"end\":false}}},\"45_\":{\"part\":{},\"state\":{\"protesis_removible_malo\":{\"start\":false,\"middle\":false,\"end\":true}}},\"48_\":{\"part\":{},\"state\":{\"protesis_removible_malo\":{\"start\":true,\"middle\":false,\"end\":false}}},\"47_\":{\"part\":{},\"state\":{\"protesis_removible_malo\":{\"start\":false,\"middle\":true,\"end\":false}}},\"46_\":{\"part\":{},\"state\":{\"protesis_removible_malo\":{\"start\":false,\"middle\":true,\"end\":false}}},\"32_\":{\"part\":{},\"state\":{\"protesis_removible_malo\":{\"start\":false,\"middle\":false,\"end\":true}}},\"42_\":{\"part\":{},\"state\":{\"protesis_removible_malo\":{\"start\":true,\"middle\":false,\"end\":false}}},\"41_\":{\"part\":{},\"state\":{\"protesis_removible_malo\":{\"start\":false,\"middle\":true,\"end\":false}}},\"31_\":{\"part\":{},\"state\":{\"protesis_removible_malo\":{\"start\":false,\"middle\":true,\"end\":false}}},\"35_\":{\"part\":{},\"state\":{\"protesis_removible_malo\":{\"start\":true,\"middle\":false,\"end\":false}}},\"38_\":{\"part\":{},\"state\":{\"protesis_removible_malo\":{\"start\":false,\"middle\":false,\"end\":true}}},\"36_\":{\"part\":{},\"state\":{\"protesis_removible_malo\":{\"start\":false,\"middle\":true,\"end\":false}}},\"37_\":{\"part\":{},\"state\":{\"protesis_removible_malo\":{\"start\":false,\"middle\":true,\"end\":false}}},\"especificaciones\":\"Movilidad dental inferior\"}','{}','2021-09-21 15:21:09','2021-09-21 15:22:24'),(65,'Richar','Humpire Chalco',NULL,'44095099','973506332','undefined',NULL,'Mon Aug 25 1986 00:00:00 GMT-0500 (hora estándar de Perú)','undefined',NULL,'{\"15_\":{\"part\":{\"parts-2-type-3\":{\"caries\":true}}},\"25_\":{\"part\":{\"parts-2-type-3\":{\"caries\":true}}},\"28_\":{\"part\":{},\"state\":{\"diente_ausente\":true}},\"47_\":{\"part\":{\"parts-3\":{\"restauracion\":true},\"parts-1-type-2\":{\"restauracion\":true},\"parts-4-type-2\":{\"restauracion\":true},\"parts-3-type-2\":{\"restauracion\":true}},\"state\":{\"diente_ausente\":false,\"restauracion\":{\"option\":{\"restauracion_AM\":true}}}},\"48_\":{\"part\":{},\"state\":{\"diente_ausente\":true}},\"46_\":{\"part\":{},\"state\":{\"diente_ausente\":true}},\"27_\":{\"part\":{\"parts-2-type-2\":{\"restauracion\":true},\"parts-4-type-2\":{\"restauracion\":true},\"parts-1-type-2\":{\"restauracion\":true},\"parts-3-type-2\":{\"restauracion\":true}},\"state\":{\"restauracion\":{\"option\":{\"restauracion_R\":true}}}},\"18_\":{\"part\":{\"parts-5-type-1\":{\"restauracion\":true},\"parts-2-type-1\":{\"restauracion\":true}},\"state\":{\"restauracion\":{\"option\":{\"restauracion_R\":true}}}},\"17_\":{\"part\":{\"parts-1-type-2\":{\"restauracion\":true},\"parts-2-type-2\":{\"restauracion\":true},\"parts-4-type-2\":{\"restauracion\":true},\"parts-3-type-2\":{\"restauracion\":true}},\"state\":{\"restauracion\":{\"option\":{\"restauracion_AM\":true}}}},\"16_\":{\"part\":{\"parts-2-type-2\":{\"restauracion\":true},\"parts-1-type-2\":{\"restauracion\":true},\"parts-3-type-2\":{\"restauracion\":true},\"parts-4-type-2\":{\"restauracion\":true},\"parts-3\":{\"restauracion\":true}},\"state\":{\"restauracion\":{\"option\":{\"restauracion_AM\":true}}}},\"26_\":{\"part\":{\"parts-2-type-2\":{\"restauracion\":true},\"parts-1-type-2\":{\"restauracion\":true},\"parts-3-type-2\":{\"restauracion\":true},\"parts-4-type-2\":{\"restauracion\":true},\"parts-3\":{\"restauracion\":true}},\"state\":{\"restauracion\":{\"option\":{\"restauracion_AM\":true}}}},\"45_\":{\"part\":{\"parts-2-type-3\":{\"restauracion\":true}},\"state\":{\"restauracion\":{\"option\":{\"restauracion_R\":true}}}},\"44_\":{\"part\":{\"parts-2-type-3\":{\"restauracion\":true}},\"state\":{\"restauracion\":{\"option\":{\"restauracion_R\":true}}}},\"36_\":{\"part\":{\"parts-1-type-4\":{\"restauracion\":true},\"parts-4-type-4\":{\"restauracion\":true},\"parts-5-type-4\":{\"restauracion\":true},\"parts-3\":{\"restauracion\":true}},\"state\":{\"restauracion\":{\"option\":{\"restauracion_AM\":true}}}},\"37_\":{\"part\":{\"parts-1-type-2\":{\"restauracion\":true},\"parts-2-type-2\":{\"restauracion\":true},\"parts-4-type-2\":{\"restauracion\":true},\"parts-3-type-2\":{\"restauracion\":true}},\"state\":{\"restauracion\":{\"option\":{\"restauracion_AM\":true}}}},\"especificaciones\":\"Presencia de placa\"}','{}','2021-09-21 22:44:54','2021-09-21 23:06:18'),(66,'Marcos','Ruedas Enriquez',NULL,'40534358','999329080','m.rueda@eucp.pe',NULL,'Tue Feb 12 1980 00:00:00 GMT-0500 (hora estándar de Perú)','undefined',NULL,'{\"18_\":{\"part\":{},\"state\":{\"diente_ausente\":true}},\"26_\":{\"part\":{},\"state\":{\"diente_ausente\":true}},\"46_\":{\"part\":{},\"state\":{\"diente_ausente\":true}},\"17_\":{\"part\":{\"parts-3-type-2\":{\"caries\":true},\"parts-4-type-2\":{\"caries\":true}}},\"48_\":{\"part\":{\"parts-2\":{\"caries\":false},\"parts-1-type-1\":{\"caries\":true},\"parts-4-type-1\":{\"caries\":true}}},\"16_\":{\"part\":{\"parts-1-type-2\":{\"restauracion\":true},\"parts-3-type-2\":{\"restauracion\":true},\"parts-3\":{\"restauracion\":true}},\"state\":{\"tratamiento_pulpar\":{\"option\":{}}}},\"15_\":{\"part\":{\"parts-2-type-3\":{\"restauracion\":true}},\"state\":{}},\"14_\":{\"part\":{\"parts-2-type-3\":{\"restauracion\":true}},\"state\":{}},\"12_\":{\"part\":{\"parts-3\":{\"restauracion\":true}},\"state\":{}},\"22_\":{\"part\":{\"parts-3\":{\"restauracion\":true}},\"state\":{}},\"23_\":{\"part\":{\"parts-3\":{\"restauracion\":true}},\"state\":{}},\"24_\":{\"part\":{\"parts-1-type-3\":{\"restauracion\":true}},\"state\":{}},\"25_\":{\"part\":{\"parts-1-type-3\":{\"restauracion\":true}},\"state\":{}},\"27_\":{\"part\":{\"parts-2-type-2\":{\"restauracion\":true}},\"state\":{}},\"28_\":{\"part\":{\"parts-5-type-1\":{\"restauracion\":true},\"parts-2-type-1\":{\"restauracion\":true}},\"state\":{}},\"37_\":{\"part\":{\"parts-4-type-2\":{\"restauracion\":true},\"parts-3\":{\"restauracion\":true}},\"state\":{}},\"36_\":{\"part\":{\"parts-4-type-4\":{\"restauracion\":true},\"parts-5-type-4\":{\"restauracion\":true},\"parts-3\":{\"restauracion\":true}},\"state\":{}},\"47_\":{\"part\":{\"parts-4-type-2\":{\"restauracion\":true},\"parts-2-type-2\":{\"restauracion\":true},\"parts-3\":{\"restauracion\":true}},\"state\":{}},\"especificaciones\":\"PRESENCIA DE PLACA BACTERIANA\"}','{}','2021-09-29 16:39:18','2021-09-29 16:45:09'),(67,'Kelly','Revilla Rodriguez',NULL,'29729143','959313492','undefined',NULL,'Sun Apr 23 1978 00:00:00 GMT-0500 (hora estándar de Perú)','undefined',NULL,'{\"18_\":{\"part\":{\"parts-2-type-1\":{\"caries\":true},\"parts-5-type-1\":{\"caries\":true}}},\"17_\":{\"part\":{\"parts-1-type-2\":{\"restauracion\":true},\"parts-4-type-2\":{\"restauracion\":true}},\"state\":{\"restauracion\":{\"option\":{\"restauracion_AM\":true}}}},\"16_\":{\"part\":{\"parts-1-type-2\":{\"restauracion\":true},\"parts-4-type-2\":{\"restauracion\":true}},\"state\":{\"restauracion\":{\"option\":{\"restauracion_AM\":true}}}},\"24_\":{\"part\":{},\"state\":{\"diente_ausente\":true}},\"45_\":{\"part\":{},\"state\":{\"diente_ausente\":true}},\"28_\":{\"part\":{},\"state\":{\"diente_ausente\":true}},\"38_\":{\"part\":{},\"state\":{\"diente_ausente\":true}},\"46_\":{\"part\":{\"parts-4\":{\"restauracion\":true,\"caries\":true},\"parts-1-type-4\":{\"restauracion\":true},\"parts-2-type-4\":{\"restauracion\":true},\"parts-4-type-4\":{\"restauracion\":true},\"parts-3-type-4\":{\"restauracion\":true},\"parts-5-type-4\":{\"restauracion\":true}},\"state\":{\"restauracion\":{\"option\":{\"restauracion_AM\":true}}}},\"47_\":{\"part\":{\"parts-1-type-2\":{\"restauracion\":true},\"parts-2-type-2\":{\"restauracion\":true},\"parts-4-type-2\":{\"restauracion\":true},\"parts-3-type-2\":{\"restauracion\":true}},\"state\":{\"restauracion\":{\"option\":{\"restauracion_R\":true}}}},\"48_\":{\"part\":{},\"state\":{\"diente_ausente\":true}},\"37_\":{\"part\":{\"parts-1-type-2\":{\"caries\":true},\"parts-2-type-2\":{\"caries\":true},\"parts-4-type-2\":{\"caries\":true},\"parts-3-type-2\":{\"caries\":true}}},\"36_\":{\"part\":{\"parts-1-type-4\":{\"caries\":true},\"parts-2-type-4\":{\"caries\":true},\"parts-5-type-4\":{\"caries\":true},\"parts-4-type-4\":{\"caries\":true},\"parts-3-type-4\":{\"caries\":true}}},\"26_\":{\"part\":{\"parts-4-type-2\":{\"caries\":true},\"parts-1-type-2\":{\"restauracion\":true},\"parts-2-type-2\":{\"restauracion\":true},\"parts-3-type-2\":{\"restauracion\":true}},\"state\":{\"restauracion\":{\"option\":{\"restauracion_R\":true}}}},\"27_\":{\"part\":{\"parts-4-type-2\":{\"caries\":true},\"parts-3-type-2\":{\"restauracion\":true},\"parts-1-type-2\":{\"restauracion\":true},\"parts-2-type-2\":{\"restauracion\":true}},\"state\":{\"restauracion\":{\"option\":{\"restauracion_R\":true}}}},\"especificaciones\":\"Presencia de placa\"}','{\"r4_text\":\"Loratadina\",\"alergiaff_text\":\"Rinitis\"}','2021-09-30 22:22:41','2021-09-30 22:27:43'),(68,'Delyanira Denis','Flores Mollohuanca',NULL,'72145852','958212149','delyanira_17@hotmail.com',NULL,'Wed Feb 17 1993 00:00:00 GMT-0500 (hora estándar de Perú)','undefined',NULL,'{\"18_\":{\"part\":{},\"state\":{\"diemte_extraido\":true}},\"28_\":{\"part\":{},\"state\":{\"diemte_extraido\":true}},\"17_\":{\"part\":{\"parts-3-type-2\":{\"restauracion\":true},\"parts-2-type-2\":{\"restauracion\":true}},\"state\":{\"restauracion\":{\"option\":{\"restauracion_AM\":true}}}},\"37_\":{\"part\":{\"parts-1-type-2\":{\"restauracion\":true}},\"state\":{\"restauracion\":{\"option\":{\"restauracion_AM\":true}}}},\"46_\":{\"part\":{\"parts-1-type-4\":{\"restauracion\":true}},\"state\":{\"restauracion\":{\"option\":{\"restauracion_AM\":true}}}},\"26_\":{\"part\":{\"parts-3-type-2\":{\"caries\":true},\"parts-3\":{\"caries\":true},\"parts-2-type-2\":{\"caries\":true},\"parts-1-type-2\":{\"caries\":true},\"parts-4-type-2\":{\"caries\":true}}},\"27_\":{\"part\":{\"parts-3-type-2\":{\"caries\":true},\"parts-2-type-2\":{\"caries\":true},\"parts-4-type-2\":{\"caries\":true},\"parts-1-type-2\":{\"caries\":true}}},\"47_\":{\"part\":{\"parts-4-type-2\":{\"caries\":true},\"parts-1-type-2\":{\"caries\":true},\"parts-3-type-2\":{\"caries\":true},\"parts-2-type-2\":{\"caries\":true}}},\"16_\":{\"part\":{\"parts-4-type-2\":{\"restauracion\":true},\"parts-3-type-2\":{\"restauracion\":true}},\"state\":{\"restauracion\":{\"option\":{\"restauracion_R\":true}}}},\"36_\":{\"part\":{},\"state\":{\"diente_ausente\":true}}}','[]','2021-10-26 16:38:05','2021-11-19 22:26:36'),(69,'Nelly','Mamani Colca',NULL,'44420806','981499083','undefined',NULL,'Tue Jul 06 1982 00:00:00 GMT-0500 (hora estándar de Perú)','undefined',NULL,'{\"18_\":{\"part\":{\"parts-2-type-1\":{\"caries\":true},\"parts-5-type-1\":{\"caries\":true}}},\"17_\":{\"part\":{\"parts-3-type-2\":{\"restauracion\":true}},\"state\":{\"restauracion\":{\"option\":{\"restauracion_R\":true}}}},\"16_\":{\"part\":{\"parts-1-type-2\":{\"restauracion\":true},\"parts-2\":{\"restauracion\":true}},\"state\":{\"restauracion\":{\"option\":{\"restauracion_R\":true}}}},\"15_\":{\"part\":{\"parts-1-type-3\":{\"restauracion\":true},\"parts-2-type-3\":{\"restauracion\":true}},\"state\":{\"restauracion\":{\"option\":{\"restauracion_R\":true}}}},\"14_\":{\"part\":{\"parts-2-type-3\":{\"restauracion\":true}},\"state\":{\"restauracion\":{\"option\":{\"restauracion_R\":true}}}},\"38_\":{\"part\":{\"parts-2-type-1\":{\"restauracion\":true},\"parts-5-type-1\":{\"caries\":true},\"parts-4-type-1\":{\"caries\":true}},\"state\":{\"restauracion\":{\"option\":{\"restauracion_R\":true}}}},\"35_\":{\"part\":{\"parts-2-type-3\":{\"restauracion\":true},\"parts-3\":{\"caries\":true}},\"state\":{\"restauracion\":{\"option\":{\"restauracion_R\":true}}}},\"26_\":{\"part\":{\"parts-4-type-2\":{\"caries\":true},\"parts-2-type-2\":{\"caries\":true},\"parts-2\":{\"caries\":true}}},\"48_\":{\"part\":{\"parts-5-type-1\":{\"caries\":true},\"parts-2-type-1\":{\"caries\":true}}},\"27_\":{\"part\":{},\"state\":{\"diente_ausente\":true}},\"37_\":{\"part\":{},\"state\":{\"diente_ausente\":true}},\"36_\":{\"part\":{},\"state\":{\"diente_ausente\":true}},\"46_\":{\"part\":{},\"state\":{\"diente_ausente\":true}},\"47_\":{\"part\":{},\"state\":{\"diente_ausente\":true}},\"34_\":{\"part\":{\"parts-3\":{\"caries\":true}}},\"44_\":{\"part\":{\"parts-3\":{\"caries\":true}}},\"45_\":{\"part\":{\"parts-3\":{\"caries\":true}}}}','[]','2021-10-26 17:41:05','2021-10-26 17:44:33'),(70,'Paola Maria','Abarca Anci',NULL,'29733798','943823187','undefined',NULL,'Fri Oct 28 1977 00:00:00 GMT-0500 (hora estándar de Perú)','undefined',NULL,'{\"17_\":{\"part\":{\"parts-4-type-2\":{\"restauracion\":true},\"parts-3-type-2\":{\"restauracion\":true}},\"state\":{\"restauracion\":{\"option\":{\"restauracion_R\":true}}}},\"16_\":{\"part\":{\"parts-2-type-2\":{\"restauracion\":true},\"parts-1-type-2\":{\"restauracion\":true},\"parts-4-type-2\":{\"caries\":true},\"parts-3-type-2\":{\"caries\":true},\"parts-4\":{\"caries\":true}},\"state\":{\"restauracion\":{\"option\":{\"restauracion_R\":true}}}},\"15_\":{\"part\":{\"parts-1\":{\"caries\":true},\"parts-1-type-3\":{\"caries\":true},\"parts-4\":{\"caries\":true}}},\"14_\":{\"part\":{\"parts-1\":{\"caries\":true},\"parts-1-type-3\":{\"caries\":true}}},\"24_\":{\"part\":{\"parts-1-type-3\":{\"restauracion\":true},\"parts-4\":{\"restauracion\":true}},\"state\":{\"restauracion\":{\"option\":{\"restauracion_R\":true}}}},\"25_\":{\"part\":{\"parts-1-type-3\":{\"restauracion\":true},\"parts-1\":{\"restauracion\":true}},\"state\":{\"restauracion\":{\"option\":{\"restauracion_R\":true}}}},\"26_\":{\"part\":{\"parts-4-type-2\":{\"caries\":true},\"parts-1\":{\"caries\":true}}},\"27_\":{\"part\":{},\"state\":{\"diente_ausente\":true}},\"37_\":{\"part\":{\"parts-1-type-2\":{\"restauracion\":true},\"parts-4-type-2\":{\"restauracion\":true},\"parts-3\":{\"restauracion\":true},\"parts-2\":{\"restauracion\":true},\"parts-2-type-2\":{\"restauracion\":true},\"parts-3-type-2\":{\"restauracion\":true}},\"state\":{\"restauracion\":{\"option\":{\"restauracion_IM\":true}}}},\"36_\":{\"part\":{},\"state\":{\"corona_definitiva\":{\"option\":{\"corona_definitiva_CC\":true}}}},\"46_\":{\"part\":{},\"state\":{\"diente_ausente\":true}},\"47_\":{\"part\":{\"parts-4-type-2\":{\"restauracion\":true},\"parts-1-type-2\":{\"restauracion\":true}},\"state\":{\"restauracion\":{\"option\":{\"restauracion_AM\":true}}}}}','{\"hipertension\":true,\"r4_text\":\"betalox betformina\"}','2021-11-05 23:14:33','2021-11-05 23:19:28'),(71,'Paolo Mateo','Carpiorosso Abarca','DNI','81559267','943823187','pabarca2016@gmail.com',NULL,'Wed Mar 12 2014 00:00:00 GMT-0500 (hora estándar de Perú)','undefined',NULL,NULL,'undefined','2021-11-19 22:50:32','2021-11-19 22:50:32'),(72,'Betssy Elizabetf','Mamani Taco',NULL,'00000001','921505088','undefined',NULL,'Thu Jul 06 2006 00:00:00 GMT-0500 (hora estándar de Perú)','undefined',NULL,'{\"27_\":{\"part\":{\"parts-3-type-2\":{\"caries\":true},\"parts-2-type-2\":{\"caries\":true},\"parts-1-type-2\":{\"caries\":true},\"parts-4-type-2\":{\"caries\":true}}},\"46_\":{\"part\":{\"parts-4-type-4\":{\"caries\":false,\"restauracion\":true},\"parts-1-type-4\":{\"caries\":false,\"restauracion\":true},\"parts-2-type-4\":{\"caries\":false},\"parts-3\":{\"caries\":false,\"restauracion\":true}},\"state\":{\"restauracion\":{\"option\":{\"restauracion_R\":true}}}},\"36_\":{\"part\":{\"parts-4-type-4\":{\"caries\":true},\"parts-1-type-4\":{\"caries\":true},\"parts-2-type-4\":{\"caries\":true},\"parts-3\":{\"caries\":true}}},\"16_\":{\"part\":{\"parts-2-type-2\":{\"restauracion\":true},\"parts-3-type-2\":{\"restauracion\":true},\"parts-4-type-2\":{\"restauracion\":true},\"parts-1-type-2\":{\"restauracion\":true}},\"state\":{\"restauracion\":{\"option\":{\"restauracion_R\":true}}}},\"26_\":{\"part\":{\"parts-2-type-2\":{\"restauracion\":true},\"parts-3-type-2\":{\"restauracion\":true},\"parts-3\":{\"restauracion\":true}},\"state\":{\"restauracion\":{\"option\":{\"restauracion_R\":true}}}},\"37_\":{\"part\":{\"parts-2-type-2\":{\"restauracion\":true},\"parts-3-type-2\":{\"restauracion\":true}},\"state\":{\"restauracion\":{\"option\":{\"restauracion_R\":true}}}},\"especificaciones\":\"PRESENCIA DE PLACA DURA Y PLACA BLANDA\"}','{}','2021-11-27 16:04:41','2021-11-27 16:06:59'),(73,'Rocio Jeniffer','Mollohuanca Flores',NULL,'72414975','931128038','rmollohuancaf@unsa.edu.pe',NULL,'Sun Apr 09 1995 00:00:00 GMT-0500 (hora estándar de Perú)','undefined',NULL,'{\"17_\":{\"part\":{\"parts-3-type-2\":{\"caries\":true},\"parts-2-type-2\":{\"caries\":true},\"parts-1-type-2\":{\"caries\":true},\"parts-4-type-2\":{\"caries\":true}}},\"16_\":{\"part\":{\"parts-3-type-2\":{\"caries\":true},\"parts-2-type-2\":{\"caries\":true},\"parts-1-type-2\":{\"caries\":true},\"parts-4-type-2\":{\"caries\":true}}},\"28_\":{\"part\":{\"parts-2-type-1\":{\"caries\":true},\"parts-5-type-1\":{\"caries\":true}}},\"47_\":{\"part\":{\"parts-1-type-2\":{\"caries\":true},\"parts-4-type-2\":{\"caries\":true},\"parts-3-type-2\":{\"caries\":true},\"parts-2-type-2\":{\"caries\":true}}},\"46_\":{\"part\":{\"parts-3\":{\"caries\":true}}},\"21_\":{\"part\":{\"type-2\":{\"caries\":true},\"parts-3\":{\"caries\":true}}},\"especificaciones\":\"Presencia de placa dura y blanda.\"}','{}','2021-11-29 23:07:15','2021-11-29 23:08:58'),(74,'Soledad','Aguilar de Gamero','DNI','45064303','958965989','undefined',NULL,'Mon Jan 28 1957 00:00:00 GMT-0500 (hora estándar de Perú)','undefined',NULL,NULL,'undefined','2021-12-28 23:14:06','2021-12-28 23:14:06'),(75,'Gelmor','Gamero Aguilar','DNI','29275363','958829040','undefined',NULL,'Wed Oct 03 1956 00:00:00 GMT-0500 (hora estándar de Perú)','undefined',NULL,NULL,'{\"alergiaff_text\":\"penicilina\"}','2021-12-28 23:38:40','2021-12-28 23:38:40'),(76,'Christian Gonzalo','Medina García','DNI','61049672','959613000','christianmedina2@hotmail.com',NULL,'Fri May 18 2007 00:00:00 GMT-0500 (hora estándar de Perú)','undefined',NULL,NULL,'undefined','2022-01-05 17:32:48','2022-01-05 17:32:48'),(77,'María Yovana','Macedo Ordónñez',NULL,'29387548','959638775','jovanamacedo4570@gmail.com',NULL,'Sun Jul 05 1964 00:00:00 GMT-0500 (hora estándar de Perú)','undefined',NULL,'{\"18_\":{\"part\":{\"parts-5-type-1\":{\"restauracion\":true}},\"state\":{\"restauracion\":{\"option\":{\"restauracion_AM\":true}}}},\"17_\":{\"part\":{\"parts-3-type-2\":{\"restauracion\":true}},\"state\":{\"restauracion\":{\"option\":{\"restauracion_AM\":true}}}},\"16_\":{\"part\":{\"parts-3-type-2\":{\"restauracion\":true}},\"state\":{\"restauracion\":{\"option\":{\"restauracion_AM\":true}}}},\"15_\":{\"part\":{\"parts-2-type-3\":{\"restauracion\":true}},\"state\":{\"restauracion\":{\"option\":{\"restauracion_AM\":true}}}},\"14_\":{\"part\":{\"parts-1-type-3\":{\"restauracion\":true},\"parts-1\":{\"restauracion\":true},\"parts-4\":{\"restauracion\":false},\"parts-2-type-3\":{\"restauracion\":true}},\"state\":{\"restauracion\":{\"option\":{\"restauracion_AM\":true}},\"diente_ausente\":false}},\"24_\":{\"part\":{\"parts-2-type-3\":{\"restauracion\":true},\"parts-4\":{\"restauracion\":true}},\"state\":{\"restauracion\":{\"option\":{\"restauracion_R\":true}}}},\"25_\":{\"part\":{\"parts-2-type-3\":{\"restauracion\":true}},\"state\":{\"restauracion\":{\"option\":{\"restauracion_R\":true}}}},\"26_\":{\"part\":{},\"state\":{\"corona_temporal\":{\"option\":{}}}},\"27_\":{\"part\":{},\"state\":{\"corona_temporal\":{\"option\":{}}}},\"38_\":{\"part\":{\"parts-2-type-1\":{\"restauracion\":true}},\"state\":{\"restauracion\":{\"option\":{\"restauracion_AM\":true}}}},\"36_\":{\"part\":{\"parts-4-type-4\":{\"restauracion\":true}},\"state\":{\"restauracion\":{\"option\":{\"restauracion_AM\":true}}}},\"35_\":{\"part\":{\"parts-2-type-3\":{\"restauracion\":true}},\"state\":{\"restauracion\":{\"option\":{\"restauracion_AM\":true}}}},\"45_\":{\"part\":{\"parts-1-type-3\":{\"restauracion\":true}},\"state\":{\"restauracion\":{\"option\":{\"restauracion_AM\":true}}}},\"46_\":{\"part\":{\"parts-3-type-4\":{\"restauracion\":false},\"parts-5-type-4\":{\"restauracion\":true},\"parts-1-type-4\":{\"restauracion\":true}},\"state\":{\"restauracion\":{\"option\":{\"restauracion_AM\":true}}}},\"47_\":{\"part\":{\"parts-1-type-2\":{\"restauracion\":true}},\"state\":{\"restauracion\":{\"option\":{\"restauracion_AM\":true}}}},\"48_\":{\"part\":{\"parts-2-type-1\":{\"restauracion\":true}},\"state\":{\"restauracion\":{\"option\":{\"restauracion_AM\":true}}}},\"37_\":{\"part\":{},\"state\":{\"diente_ausente\":true}},\"13_\":{\"part\":{\"parts-1\":{\"restauracion\":true}},\"state\":{\"restauracion\":{\"option\":{\"restauracion_AM\":true}}}}}','{\"hipertension\":true}','2022-01-06 16:22:18','2022-01-06 16:26:34'),(78,'Patricia Jasmine','Eduardo Villenueve',NULL,'29318927','957591883','undefined',NULL,'Sun Jun 16 1957 00:00:00 GMT-0500 (hora estándar de Perú)','undefined',NULL,'{\"18_\":{\"part\":{},\"state\":{\"diente_ausente\":true}},\"28_\":{\"part\":{},\"state\":{\"diente_ausente\":true}},\"38_\":{\"part\":{},\"state\":{\"diente_ausente\":true}},\"16_\":{\"part\":{},\"state\":{\"corona_definitiva\":{\"option\":{\"corona_definitiva_CMC\":true}}}},\"25_\":{\"part\":{},\"state\":{\"corona_definitiva\":{\"option\":{\"corona_definitiva_CMC\":true}}}},\"46_\":{\"part\":{},\"state\":{\"corona_definitiva\":{\"option\":{\"corona_definitiva_CMC\":true}}}},\"45_\":{\"part\":{},\"state\":{\"corona_definitiva\":{\"option\":{\"corona_definitiva_CMC\":true}}}},\"15_\":{\"part\":{},\"state\":{\"diente_ausente\":false,\"diemte_extraido\":true}},\"27_\":{\"part\":{},\"state\":{\"corona_definitiva\":{\"option\":{\"corona_definitiva_CC\":true}}}},\"24_\":{\"part\":{},\"state\":{\"corona_definitiva\":{\"option\":{\"corona_definitiva_CV\":true}}}},\"17_\":{\"part\":{\"parts-2-type-2\":{\"restauracion\":true},\"parts-1-type-2\":{\"restauracion\":true},\"parts-3-type-2\":{\"restauracion\":true},\"parts-4-type-2\":{\"restauracion\":true}},\"state\":{\"restauracion\":{\"option\":{\"restauracion_R\":true}}}},\"14_\":{\"part\":{\"parts-1\":{\"caries\":true},\"parts-1-type-3\":{\"caries\":true},\"parts-2-type-3\":{\"caries\":true}}},\"23_\":{\"part\":{\"parts-3\":{\"caries\":true}}},\"26_\":{\"part\":{\"parts-3-type-2\":{\"caries\":true},\"parts-4-type-2\":{\"caries\":true},\"parts-1\":{\"caries\":true},\"parts-1-type-2\":{\"caries\":true},\"parts-2\":{\"caries\":true},\"parts-3\":{\"caries\":true}}},\"37_\":{\"part\":{\"parts-3-type-2\":{\"restauracion\":true},\"parts-1-type-2\":{\"restauracion\":true},\"parts-1\":{\"restauracion\":true}},\"state\":{\"restauracion\":{\"option\":{\"restauracion_R\":true}}}},\"35_\":{\"part\":{\"parts-1\":{\"restauracion\":true},\"parts-2-type-3\":{\"restauracion\":true},\"parts-1-type-3\":{\"restauracion\":true}},\"state\":{\"restauracion\":{\"option\":{\"restauracion_R\":true}}}},\"34_\":{\"part\":{\"parts-1-type-3\":{\"restauracion\":true},\"parts-2-type-3\":{\"restauracion\":true},\"parts-4\":{\"restauracion\":true}},\"state\":{\"restauracion\":{\"option\":{\"restauracion_R\":true}}}},\"36_\":{\"part\":{\"parts-1\":{\"restauracion\":true},\"parts-1-type-4\":{\"restauracion\":true},\"parts-2-type-4\":{\"restauracion\":true},\"parts-4-type-4\":{\"restauracion\":true},\"parts-3\":{\"restauracion\":true}},\"state\":{\"restauracion\":{\"option\":{\"restauracion_IM\":true}}}},\"47_\":{\"part\":{\"parts-1-type-2\":{\"restauracion\":true},\"parts-2-type-2\":{\"restauracion\":true},\"parts-4-type-2\":{\"restauracion\":true},\"parts-3-type-2\":{\"restauracion\":true},\"parts-4\":{\"restauracion\":true}},\"state\":{\"restauracion\":{\"option\":{\"restauracion_IM\":true}}}},\"especificaciones\":\"Presencia de placa\"}','{\"alergiaff_text\":\"Rinitis\",\"r4_text\":\"Metformina\"}','2022-01-18 21:28:38','2022-01-18 21:34:24'),(79,'Ricardo','Talavera Suarez','DNI','29305467','984419386','undefined',NULL,'Mon Jul 18 1955 00:00:00 GMT-0500 (hora estándar de Perú)','undefined',NULL,NULL,'undefined','2022-02-07 23:51:02','2022-02-07 23:51:02'),(80,'Grover Roger','Medina Gonzales',NULL,'29555853','958049073','undefined',NULL,'Sat Apr 25 1970 00:00:00 GMT-0500 (hora estándar de Perú)','undefined',NULL,'{\"17_\":{\"part\":{\"parts-3-type-2\":{\"restauracion\":true}},\"state\":{\"restauracion\":{\"option\":{\"restauracion_R\":true}}}},\"16_\":{\"part\":{\"parts-4-type-2\":{\"caries\":true},\"parts-2\":{\"caries\":false},\"parts-2-type-2\":{\"caries\":true},\"parts-4\":{\"caries\":true},\"parts-1-type-2\":{\"caries\":true},\"parts-3-type-2\":{\"caries\":true},\"parts-3\":{\"caries\":true}}},\"15_\":{\"part\":{},\"state\":{\"diente_ausente\":true}},\"14_\":{\"part\":{\"parts-2-type-3\":{\"restauracion\":true},\"parts-1\":{\"restauracion\":true}},\"state\":{\"restauracion\":{\"option\":{\"restauracion_AM\":true}}}},\"21_\":{\"part\":{\"parts-2\":{\"caries\":false},\"parts-1\":{\"caries\":true},\"parts-3\":{\"caries\":true}}},\"37_\":{\"part\":{\"parts-2-type-2\":{\"restauracion\":true},\"parts-2\":{\"restauracion\":true}},\"state\":{\"restauracion\":{\"option\":{\"restauracion_AM\":true}}}},\"36_\":{\"part\":{},\"state\":{\"corona_temporal\":{\"option\":{}},\"perno_malo\":{\"option\":{}},\"trat_pulpar_malo\":{\"option\":{}}}},\"35_\":{\"part\":{\"parts-2-type-3\":{\"restauracion\":true},\"parts-1\":{\"restauracion\":true}},\"state\":{\"restauracion\":{\"option\":{\"restauracion_AM\":true}}}},\"46_\":{\"part\":{\"parts-2-type-4\":{\"restauracion\":true},\"parts-4-type-4\":{\"restauracion\":true}},\"state\":{\"restauracion\":{\"option\":{\"restauracion_AM\":true}}}},\"47_\":{\"part\":{},\"state\":{\"diente_ausente\":true}},\"especificaciones\":\"PRESENCIA DE PLACA DURA\",\"11_\":{\"part\":{\"parts-4\":{\"restauracion\":true},\"parts-3\":{\"restauracion\":true}},\"state\":{\"restauracion\":{\"option\":{\"restauracion_R\":true}}}}}','[]','2022-02-09 23:40:19','2022-02-09 23:51:11'),(81,'Lizett Shirley','Portugal Álvarez','DNI','47203558','978658143','undefined',NULL,'Fri Sep 20 1991 00:00:00 GMT-0500 (hora estándar de Perú)','undefined',NULL,NULL,'{\"r4_text\":\"lansoprazol\"}','2022-02-24 23:48:13','2022-02-24 23:48:13'),(82,'Victor','Vela bellido',NULL,'40964754','974786335','undefined',NULL,'Sat Oct 10 1981 00:00:00 GMT-0500 (hora estándar de Perú)','undefined',NULL,'{\"18_\":{\"part\":{},\"state\":{\"diemte_extraido\":true}},\"17_\":{\"part\":{\"parts-4-type-2\":{\"caries\":true},\"parts-1-type-2\":{\"caries\":true},\"parts-3-type-2\":{\"caries\":true},\"parts-2-type-2\":{\"caries\":true}}},\"15_\":{\"part\":{},\"state\":{\"corona_temporal\":{\"option\":{\"corona_temporal_cmc\":true}}}},\"14_\":{\"part\":{},\"state\":{\"corona_definitiva\":{\"option\":{\"corona_definitiva_CMC\":true}}}},\"13_\":{\"part\":{\"parts-2\":{\"restauracion\":false},\"parts-3\":{\"restauracion\":true}},\"state\":{}},\"24_\":{\"part\":{\"parts-2-type-3\":{\"restauracion\":true},\"parts-4\":{\"restauracion\":true}},\"state\":{\"restauracion\":{\"option\":{\"restauracion_R\":true}}}},\"25_\":{\"part\":{\"parts-2-type-3\":{\"restauracion\":true},\"parts-1\":{\"restauracion\":true}},\"state\":{\"restauracion\":{\"option\":{\"restauracion_R\":true}}}},\"26_\":{\"part\":{\"parts-3-type-2\":{\"restauracion\":true},\"parts-4-type-2\":{\"restauracion\":true}},\"state\":{\"restauracion\":{\"option\":{\"restauracion_R\":true}}}},\"27_\":{\"part\":{\"parts-3-type-2\":{\"caries\":true},\"parts-2-type-2\":{\"caries\":true}}},\"36_\":{\"part\":{\"parts-4-type-4\":{\"restauracion\":true},\"parts-2\":{\"restauracion\":false},\"parts-4\":{\"restauracion\":true},\"parts-1-type-4\":{\"restauracion\":true},\"parts-2-type-4\":{\"restauracion\":true},\"parts-5-type-4\":{\"restauracion\":true},\"parts-3-type-4\":{\"restauracion\":true}},\"state\":{\"restauracion\":{\"option\":{\"restauracion_IE\":true}}}},\"37_\":{\"part\":{\"parts-1-type-2\":{\"restauracion\":true},\"parts-2-type-2\":{\"restauracion\":true},\"parts-2\":{\"restauracion\":false},\"parts-4\":{\"restauracion\":true},\"parts-3-type-2\":{\"restauracion\":true},\"parts-4-type-2\":{\"restauracion\":true},\"parts-3\":{\"restauracion\":false}},\"state\":{\"restauracion\":{\"option\":{\"restauracion_IE\":true}}}},\"46_\":{\"part\":{\"parts-1-type-4\":{\"caries\":true},\"parts-3-type-4\":{\"caries\":true},\"parts-1\":{\"caries\":true},\"parts-4-type-4\":{\"caries\":true},\"parts-2-type-4\":{\"caries\":true},\"parts-5-type-4\":{\"caries\":true}}},\"47_\":{\"part\":{\"parts-2-type-2\":{\"caries\":true},\"parts-3-type-2\":{\"caries\":true},\"parts-4\":{\"caries\":true},\"parts-1-type-2\":{\"caries\":true},\"parts-4-type-2\":{\"caries\":true}}},\"48_\":{\"part\":{},\"state\":{\"diente_ausente\":true}},\"especificaciones\":\"Presencia de placa blanda \\npresencia de placa dura\\npresencia de  manchas\"}','[]','2022-02-25 22:37:06','2022-02-25 22:45:53'),(83,'Magaly Elizabeth','Valdivia Quispe',NULL,'29643343','998844911','undefined',NULL,'Wed Jul 09 1975 00:00:00 GMT-0500 (hora estándar de Perú)','undefined',NULL,'{\"48_\":{\"part\":{},\"state\":{\"diente_ausente\":true}},\"46_\":{\"part\":{},\"state\":{\"diente_ausente\":true}},\"36_\":{\"part\":{\"parts-1-type-4\":{\"caries\":false},\"parts-2-type-4\":{\"caries\":false},\"parts-2\":{\"caries\":false},\"parts-1\":{\"caries\":false},\"parts-3-type-4\":{\"caries\":false},\"parts-4-type-4\":{\"caries\":false},\"parts-5-type-4\":{\"caries\":false},\"parts-4\":{\"caries\":false}},\"state\":{\"tratamiento_pulpar\":{\"option\":{}},\"perno_malo\":{\"option\":{}},\"corona_temporal\":{\"option\":{\"corona_temporal_cc\":true}}}},\"16_\":{\"part\":{\"parts-2\":{\"caries\":true}}},\"17_\":{\"part\":{\"parts-2\":{\"caries\":true}}},\"15_\":{\"part\":{\"parts-2\":{\"caries\":true}}},\"14_\":{\"part\":{\"parts-2\":{\"caries\":true}}},\"24_\":{\"part\":{\"parts-2\":{\"caries\":true}}},\"25_\":{\"part\":{\"parts-2\":{\"caries\":true}}},\"26_\":{\"part\":{\"parts-2\":{\"caries\":true}}},\"27_\":{\"part\":{\"parts-2\":{\"caries\":true}}},\"35_\":{\"part\":{\"parts-3\":{\"caries\":true}}},\"34_\":{\"part\":{\"parts-3\":{\"caries\":true}}},\"45_\":{\"part\":{\"parts-3\":{\"caries\":true}}},\"44_\":{\"part\":{\"parts-3\":{\"caries\":true}}}}','{}','2022-03-01 18:19:19','2022-03-01 20:59:35'),(84,'Indira Darli Andrea','Baños Apaza','DNI','72575653','999954048','undefined',NULL,'Fri Dec 04 1998 00:00:00 GMT-0500 (hora estándar de Perú)','undefined',NULL,NULL,'{\"r3\":true}','2022-03-07 22:49:31','2022-03-07 22:49:31'),(85,'Maria Roxana','Gallegos Aviega',NULL,'29395374','959714455','undefined',NULL,'Tue May 09 1961 00:00:00 GMT-0500 (hora estándar de Perú)','undefined',NULL,'{\"17_\":{\"part\":{\"parts-4-type-2\":{\"restauracion\":true},\"parts-1-type-2\":{\"restauracion\":true}},\"state\":{\"restauracion\":{\"option\":{\"restauracion_AM\":true}}}},\"16_\":{\"part\":{\"parts-3-type-2\":{\"restauracion\":true,\"caries\":true},\"parts-1\":{\"restauracion\":false},\"parts-4\":{\"restauracion\":true,\"caries\":true},\"parts-1-type-2\":{\"restauracion\":true},\"parts-2-type-2\":{\"caries\":true},\"parts-4-type-2\":{\"caries\":true}},\"state\":{\"restauracion\":{\"option\":{\"restauracion_AM\":true}}}},\"15_\":{\"part\":{\"parts-1\":{\"restauracion\":true,\"caries\":true},\"parts-2-type-3\":{\"restauracion\":true},\"parts-1-type-3\":{\"caries\":true}},\"state\":{\"restauracion\":{\"option\":{\"restauracion_AM\":true}}}},\"27_\":{\"part\":{\"parts-3-type-2\":{\"restauracion\":true},\"parts-2-type-2\":{\"restauracion\":true}},\"state\":{\"restauracion\":{\"option\":{\"restauracion_AM\":true}}}},\"36_\":{\"part\":{\"parts-1-type-4\":{\"restauracion\":true},\"parts-3\":{\"restauracion\":true}},\"state\":{\"restauracion\":{\"option\":{\"restauracion_AM\":true}}}},\"35_\":{\"part\":{\"parts-2-type-3\":{\"restauracion\":true},\"parts-1-type-3\":{\"restauracion\":true},\"parts-4\":{\"restauracion\":true}},\"state\":{\"restauracion\":{\"option\":{\"restauracion_AM\":true}}}},\"46_\":{\"part\":{\"parts-2-type-4\":{\"restauracion\":true},\"parts-1-type-4\":{\"restauracion\":true}},\"state\":{\"restauracion\":{\"option\":{\"restauracion_AM\":true}},\"diente_ausente\":true}},\"14_\":{\"part\":{\"parts-2-type-3\":{\"restauracion\":true},\"parts-1-type-3\":{\"restauracion\":true}},\"state\":{\"restauracion\":{\"option\":{\"restauracion_R\":true}}}},\"37_\":{\"part\":{\"parts-1-type-2\":{\"restauracion\":true},\"parts-3-type-2\":{\"restauracion\":true}},\"state\":{\"restauracion\":{\"option\":{\"restauracion_R\":true}}}},\"45_\":{\"part\":{\"parts-2-type-3\":{\"restauracion\":true},\"parts-1-type-3\":{\"restauracion\":true}},\"state\":{\"restauracion\":{\"option\":{\"restauracion_R\":true}}}},\"25_\":{\"part\":{\"parts-1-type-3\":{\"caries\":true},\"parts-1\":{\"caries\":true},\"parts-3\":{\"caries\":true},\"parts-2-type-3\":{\"caries\":true}}},\"26_\":{\"part\":{},\"state\":{\"diente_ausente\":true}},\"24_\":{\"part\":{},\"state\":{\"corona_definitiva\":{\"option\":{\"corona_definitiva_CJ\":true}}}},\"especificaciones\":\"PRESENCIA DE MANCHAS EXTRINSECAS\"}','{\"r4_text\":\"\",\"alergiaff_text\":\"LIDOCAINA\"}','2022-03-14 14:20:47','2022-03-16 00:25:30'),(86,'Monika del Rosario','Pacheco Chávez',NULL,'43423824','987421615','undefined',NULL,'Thu Dec 26 1985 00:00:00 GMT-0500 (hora estándar de Perú)','undefined',NULL,'{\"18_\":{\"part\":{\"parts-4-type-1\":{\"restauracion\":true},\"parts-2-type-1\":{\"restauracion\":true}},\"state\":{\"restauracion\":{\"option\":{\"restauracion_R\":true}}}},\"17_\":{\"part\":{\"parts-2-type-2\":{\"restauracion\":true},\"parts-3-type-2\":{\"restauracion\":true}},\"state\":{\"restauracion\":{\"option\":{\"restauracion_R\":true}}}},\"16_\":{\"part\":{\"parts-2-type-2\":{\"restauracion\":true},\"parts-3-type-2\":{\"restauracion\":true}},\"state\":{\"restauracion\":{\"option\":{\"restauracion_R\":true}}}},\"25_\":{\"part\":{\"parts-2-type-3\":{\"restauracion\":true},\"parts-1-type-3\":{\"restauracion\":true}},\"state\":{\"restauracion\":{\"option\":{\"restauracion_R\":true}}}},\"27_\":{\"part\":{\"parts-4-type-2\":{\"restauracion\":true},\"parts-1-type-2\":{\"restauracion\":true}},\"state\":{\"restauracion\":{\"option\":{\"restauracion_R\":true}}}},\"36_\":{\"part\":{\"parts-4-type-4\":{\"restauracion\":true},\"parts-2-type-4\":{\"restauracion\":true},\"parts-1-type-4\":{\"restauracion\":true},\"parts-3\":{\"restauracion\":true},\"parts-4\":{\"restauracion\":true}},\"state\":{\"restauracion\":{\"option\":{\"restauracion_R\":true}}}},\"46_\":{\"part\":{\"parts-4-type-4\":{\"restauracion\":true},\"parts-1-type-4\":{\"restauracion\":true},\"parts-2-type-4\":{\"restauracion\":true},\"parts-3\":{\"restauracion\":true}},\"state\":{\"restauracion\":{\"option\":{\"restauracion_R\":true}}}},\"48_\":{\"part\":{\"parts-5-type-1\":{\"restauracion\":true},\"parts-2-type-1\":{\"restauracion\":true},\"parts-1-type-1\":{\"restauracion\":true},\"parts-3-type-1\":{\"restauracion\":true}},\"state\":{\"restauracion\":{\"option\":{\"restauracion_R\":true}}}},\"14_\":{\"part\":{},\"state\":{\"diente_ausente\":true}},\"24_\":{\"part\":{},\"state\":{\"diente_ausente\":true}},\"34_\":{\"part\":{},\"state\":{\"diente_ausente\":true}},\"44_\":{\"part\":{},\"state\":{\"diente_ausente\":true}},\"47_\":{\"part\":{},\"state\":{\"diente_ausente\":true}},\"26_\":{\"part\":{\"parts-1-type-2\":{\"caries\":true},\"parts-4-type-2\":{\"caries\":true},\"parts-3\":{\"caries\":true}}},\"28_\":{\"part\":{\"parts-5-type-1\":{\"caries\":true},\"parts-2-type-1\":{\"caries\":true},\"parts-1-type-1\":{\"caries\":true},\"parts-6-type-1\":{\"caries\":true},\"parts-3-type-1\":{\"caries\":true},\"parts-4-type-1\":{\"caries\":true}}},\"38_\":{\"part\":{\"parts-2-type-1\":{\"caries\":true},\"parts-5-type-1\":{\"caries\":true},\"parts-4-type-1\":{\"caries\":true},\"parts-1-type-1\":{\"caries\":true},\"parts-3-type-1\":{\"caries\":true},\"parts-6-type-1\":{\"caries\":true}}},\"37_\":{\"part\":{\"parts-4-type-2\":{\"caries\":true},\"parts-3-type-2\":{\"caries\":true},\"parts-1-type-2\":{\"caries\":true},\"parts-2\":{\"caries\":true}}}}','[]','2022-03-21 15:21:24','2022-03-21 15:25:56');
/*!40000 ALTER TABLE `patients` ENABLE KEYS */;
UNLOCK TABLES;

--
-- Table structure for table `permission_role`
--

DROP TABLE IF EXISTS `permission_role`;
/*!40101 SET @saved_cs_client     = @@character_set_client */;
/*!40101 SET character_set_client = utf8 */;
CREATE TABLE `permission_role` (
  `permission_id` bigint(20) unsigned NOT NULL,
  `role_id` bigint(20) unsigned NOT NULL,
  PRIMARY KEY (`permission_id`,`role_id`),
  KEY `permission_role_permission_id_index` (`permission_id`),
  KEY `permission_role_role_id_index` (`role_id`),
  CONSTRAINT `permission_role_permission_id_foreign` FOREIGN KEY (`permission_id`) REFERENCES `permissions` (`id`) ON DELETE CASCADE,
  CONSTRAINT `permission_role_role_id_foreign` FOREIGN KEY (`role_id`) REFERENCES `roles` (`id`) ON DELETE CASCADE
) ENGINE=InnoDB DEFAULT CHARSET=utf8mb4 COLLATE=utf8mb4_unicode_ci;
/*!40101 SET character_set_client = @saved_cs_client */;

--
-- Dumping data for table `permission_role`
--

LOCK TABLES `permission_role` WRITE;
/*!40000 ALTER TABLE `permission_role` DISABLE KEYS */;
INSERT INTO `permission_role` VALUES (1,1),(2,1),(2,2),(3,1),(3,2),(4,1),(4,2),(5,1),(5,2),(6,1),(6,2),(7,1),(7,2),(8,1),(8,2),(9,1),(9,2),(10,1),(10,2),(11,1),(11,2),(12,1),(12,2),(13,1),(13,2),(14,1),(14,2),(15,1),(15,2),(16,1),(16,2),(17,1),(17,2),(18,1),(18,2),(19,1),(19,2),(20,1),(20,2),(21,1),(21,2),(22,1),(22,2),(23,1),(23,2),(24,1),(24,2),(25,1),(25,2),(26,1),(26,2),(27,1),(27,2),(28,1),(28,2),(29,1),(29,2),(30,1),(30,2),(31,1),(31,2),(32,1),(32,2),(33,1),(33,2),(34,1),(34,2),(35,1),(35,2),(36,1),(36,2),(37,1),(37,2),(38,1),(38,2),(39,1),(39,2),(40,1),(40,2),(41,1),(41,2),(42,1),(42,2),(43,1),(43,2),(44,1),(44,2),(45,1),(45,2),(46,1),(46,2),(47,1),(47,2),(48,1),(48,2),(49,1),(49,2),(50,1),(50,2),(51,1),(51,2),(52,1),(52,2),(53,1),(53,2),(54,1),(54,2),(55,1),(55,2),(56,1),(56,2),(57,1),(57,2),(58,1),(58,2),(59,1),(59,2),(60,1),(60,2),(61,1),(61,2),(62,1),(62,2),(63,1),(63,2),(64,1),(64,2),(65,1),(65,2),(66,1),(66,2),(67,1),(67,2),(68,1),(68,2),(69,1),(69,2),(70,1),(70,2),(71,1),(71,2),(72,1),(72,2),(73,1),(73,2),(74,1),(74,2),(75,1),(75,2),(76,1),(76,2),(77,1),(77,2),(78,1),(78,2),(79,1),(79,2),(80,1),(80,2),(81,1),(81,2),(82,1),(82,2),(83,1),(83,2),(84,1),(84,2),(85,1),(85,2);
/*!40000 ALTER TABLE `permission_role` ENABLE KEYS */;
UNLOCK TABLES;

--
-- Table structure for table `permissions`
--

DROP TABLE IF EXISTS `permissions`;
/*!40101 SET @saved_cs_client     = @@character_set_client */;
/*!40101 SET character_set_client = utf8 */;
CREATE TABLE `permissions` (
  `id` bigint(20) unsigned NOT NULL AUTO_INCREMENT,
  `key` varchar(255) COLLATE utf8mb4_unicode_ci NOT NULL,
  `table_name` varchar(255) COLLATE utf8mb4_unicode_ci DEFAULT NULL,
  `created_at` timestamp NULL DEFAULT NULL,
  `updated_at` timestamp NULL DEFAULT NULL,
  PRIMARY KEY (`id`),
  KEY `permissions_key_index` (`key`)
) ENGINE=InnoDB AUTO_INCREMENT=87 DEFAULT CHARSET=utf8mb4 COLLATE=utf8mb4_unicode_ci;
/*!40101 SET character_set_client = @saved_cs_client */;

--
-- Dumping data for table `permissions`
--

LOCK TABLES `permissions` WRITE;
/*!40000 ALTER TABLE `permissions` DISABLE KEYS */;
INSERT INTO `permissions` VALUES (1,'browse_admin',NULL,'2020-11-23 14:35:38','2020-11-23 14:35:38'),(2,'browse_bread',NULL,'2020-11-23 14:35:38','2020-11-23 14:35:38'),(3,'browse_database',NULL,'2020-11-23 14:35:38','2020-11-23 14:35:38'),(4,'browse_media',NULL,'2020-11-23 14:35:38','2020-11-23 14:35:38'),(5,'browse_compass',NULL,'2020-11-23 14:35:38','2020-11-23 14:35:38'),(6,'browse_menus','menus','2020-11-23 14:35:38','2020-11-23 14:35:38'),(7,'read_menus','menus','2020-11-23 14:35:38','2020-11-23 14:35:38'),(8,'edit_menus','menus','2020-11-23 14:35:38','2020-11-23 14:35:38'),(9,'add_menus','menus','2020-11-23 14:35:38','2020-11-23 14:35:38'),(10,'delete_menus','menus','2020-11-23 14:35:38','2020-11-23 14:35:38'),(11,'browse_roles','roles','2020-11-23 14:35:38','2020-11-23 14:35:38'),(12,'read_roles','roles','2020-11-23 14:35:38','2020-11-23 14:35:38'),(13,'edit_roles','roles','2020-11-23 14:35:38','2020-11-23 14:35:38'),(14,'add_roles','roles','2020-11-23 14:35:38','2020-11-23 14:35:38'),(15,'delete_roles','roles','2020-11-23 14:35:38','2020-11-23 14:35:38'),(16,'browse_users','users','2020-11-23 14:35:38','2020-11-23 14:35:38'),(17,'read_users','users','2020-11-23 14:35:38','2020-11-23 14:35:38'),(18,'edit_users','users','2020-11-23 14:35:38','2020-11-23 14:35:38'),(19,'add_users','users','2020-11-23 14:35:38','2020-11-23 14:35:38'),(20,'delete_users','users','2020-11-23 14:35:38','2020-11-23 14:35:38'),(21,'browse_settings','settings','2020-11-23 14:35:38','2020-11-23 14:35:38'),(22,'read_settings','settings','2020-11-23 14:35:38','2020-11-23 14:35:38'),(23,'edit_settings','settings','2020-11-23 14:35:39','2020-11-23 14:35:39'),(24,'add_settings','settings','2020-11-23 14:35:39','2020-11-23 14:35:39'),(25,'delete_settings','settings','2020-11-23 14:35:39','2020-11-23 14:35:39'),(26,'browse_categories','categories','2020-11-23 14:35:39','2020-11-23 14:35:39'),(27,'read_categories','categories','2020-11-23 14:35:39','2020-11-23 14:35:39'),(28,'edit_categories','categories','2020-11-23 14:35:39','2020-11-23 14:35:39'),(29,'add_categories','categories','2020-11-23 14:35:39','2020-11-23 14:35:39'),(30,'delete_categories','categories','2020-11-23 14:35:39','2020-11-23 14:35:39'),(31,'browse_posts','posts','2020-11-23 14:35:39','2020-11-23 14:35:39'),(32,'read_posts','posts','2020-11-23 14:35:39','2020-11-23 14:35:39'),(33,'edit_posts','posts','2020-11-23 14:35:39','2020-11-23 14:35:39'),(34,'add_posts','posts','2020-11-23 14:35:39','2020-11-23 14:35:39'),(35,'delete_posts','posts','2020-11-23 14:35:39','2020-11-23 14:35:39'),(36,'browse_pages','pages','2020-11-23 14:35:39','2020-11-23 14:35:39'),(37,'read_pages','pages','2020-11-23 14:35:39','2020-11-23 14:35:39'),(38,'edit_pages','pages','2020-11-23 14:35:39','2020-11-23 14:35:39'),(39,'add_pages','pages','2020-11-23 14:35:39','2020-11-23 14:35:39'),(40,'delete_pages','pages','2020-11-23 14:35:39','2020-11-23 14:35:39'),(41,'browse_patients','patients','2020-11-23 14:35:39','2020-11-23 14:35:39'),(42,'read_patients','patients','2020-11-23 14:35:39','2020-11-23 14:35:39'),(43,'edit_patients','patients','2020-11-23 14:35:39','2020-11-23 14:35:39'),(44,'add_patients','patients','2020-11-23 14:35:39','2020-11-23 14:35:39'),(45,'delete_patients','patients','2020-11-23 14:35:39','2020-11-23 14:35:39'),(46,'browse_laboratories','laboratories','2020-11-23 14:35:39','2020-11-23 14:35:39'),(47,'read_laboratories','laboratories','2020-11-23 14:35:39','2020-11-23 14:35:39'),(48,'edit_laboratories','laboratories','2020-11-23 14:35:39','2020-11-23 14:35:39'),(49,'add_laboratories','laboratories','2020-11-23 14:35:39','2020-11-23 14:35:39'),(50,'delete_laboratories','laboratories','2020-11-23 14:35:39','2020-11-23 14:35:39'),(51,'browse_agreements','agreements','2020-11-23 14:35:39','2020-11-23 14:35:39'),(52,'read_agreements','agreements','2020-11-23 14:35:39','2020-11-23 14:35:39'),(53,'edit_agreements','agreements','2020-11-23 14:35:39','2020-11-23 14:35:39'),(54,'add_agreements','agreements','2020-11-23 14:35:39','2020-11-23 14:35:39'),(55,'delete_agreements','agreements','2020-11-23 14:35:39','2020-11-23 14:35:39'),(56,'browse_product','product','2020-11-23 14:35:39','2020-11-23 14:35:39'),(57,'read_product','product','2020-11-23 14:35:39','2020-11-23 14:35:39'),(58,'edit_product','product','2020-11-23 14:35:39','2020-11-23 14:35:39'),(59,'add_product','product','2020-11-23 14:35:39','2020-11-23 14:35:39'),(60,'delete_product','product','2020-11-23 14:35:39','2020-11-23 14:35:39'),(61,'browse_consulting_room','consulting_room','2020-11-23 14:35:39','2020-11-23 14:35:39'),(62,'read_consulting_room','consulting_room','2020-11-23 14:35:39','2020-11-23 14:35:39'),(63,'edit_consulting_room','consulting_room','2020-11-23 14:35:39','2020-11-23 14:35:39'),(64,'add_consulting_room','consulting_room','2020-11-23 14:35:39','2020-11-23 14:35:39'),(65,'delete_consulting_room','consulting_room','2020-11-23 14:35:39','2020-11-23 14:35:39'),(66,'browse_appointments','appointments','2020-11-23 14:35:39','2020-11-23 14:35:39'),(67,'read_appointments','appointments','2020-11-23 14:35:39','2020-11-23 14:35:39'),(68,'edit_appointments','appointments','2020-11-23 14:35:39','2020-11-23 14:35:39'),(69,'add_appointments','appointments','2020-11-23 14:35:39','2020-11-23 14:35:39'),(70,'delete_appointments','appointments','2020-11-23 14:35:39','2020-11-23 14:35:39'),(71,'browse_clinic_histories','clinic_histories','2020-11-23 14:35:39','2020-11-23 14:35:39'),(72,'read_clinic_histories','clinic_histories','2020-11-23 14:35:39','2020-11-23 14:35:39'),(73,'edit_clinic_histories','clinic_histories','2020-11-23 14:35:39','2020-11-23 14:35:39'),(74,'add_clinic_histories','clinic_histories','2020-11-23 14:35:39','2020-11-23 14:35:39'),(75,'delete_clinic_histories','clinic_histories','2020-11-23 14:35:39','2020-11-23 14:35:39'),(76,'browse_budget_item','budget_item','2020-11-23 14:35:39','2020-11-23 14:35:39'),(77,'read_budget_item','budget_item','2020-11-23 14:35:39','2020-11-23 14:35:39'),(78,'edit_budget_item','budget_item','2020-11-23 14:35:39','2020-11-23 14:35:39'),(79,'add_budget_item','budget_item','2020-11-23 14:35:39','2020-11-23 14:35:39'),(80,'delete_budget_item','budget_item','2020-11-23 14:35:39','2020-11-23 14:35:39'),(81,'browse_budget','budget','2020-11-23 14:35:39','2020-11-23 14:35:39'),(82,'read_budget','budget','2020-11-23 14:35:39','2020-11-23 14:35:39'),(83,'edit_budget','budget','2020-11-23 14:35:39','2020-11-23 14:35:39'),(84,'add_budget','budget','2020-11-23 14:35:39','2020-11-23 14:35:39'),(85,'delete_budget','budget','2020-11-23 14:35:39','2020-11-23 14:35:39'),(86,'browse_hooks',NULL,'2020-11-23 14:35:40','2020-11-23 14:35:40');
/*!40000 ALTER TABLE `permissions` ENABLE KEYS */;
UNLOCK TABLES;

--
-- Table structure for table `personal_access_tokens`
--

DROP TABLE IF EXISTS `personal_access_tokens`;
/*!40101 SET @saved_cs_client     = @@character_set_client */;
/*!40101 SET character_set_client = utf8 */;
CREATE TABLE `personal_access_tokens` (
  `id` bigint(20) unsigned NOT NULL AUTO_INCREMENT,
  `tokenable_type` varchar(255) COLLATE utf8mb4_unicode_ci NOT NULL,
  `tokenable_id` bigint(20) unsigned NOT NULL,
  `name` varchar(255) COLLATE utf8mb4_unicode_ci NOT NULL,
  `token` varchar(64) COLLATE utf8mb4_unicode_ci NOT NULL,
  `abilities` text COLLATE utf8mb4_unicode_ci,
  `last_used_at` timestamp NULL DEFAULT NULL,
  `created_at` timestamp NULL DEFAULT NULL,
  `updated_at` timestamp NULL DEFAULT NULL,
  PRIMARY KEY (`id`),
  UNIQUE KEY `personal_access_tokens_token_unique` (`token`),
  KEY `personal_access_tokens_tokenable_type_tokenable_id_index` (`tokenable_type`,`tokenable_id`)
) ENGINE=InnoDB AUTO_INCREMENT=15 DEFAULT CHARSET=utf8mb4 COLLATE=utf8mb4_unicode_ci;
/*!40101 SET character_set_client = @saved_cs_client */;

--
-- Dumping data for table `personal_access_tokens`
--

LOCK TABLES `personal_access_tokens` WRITE;
/*!40000 ALTER TABLE `personal_access_tokens` DISABLE KEYS */;
INSERT INTO `personal_access_tokens` VALUES (2,'App\\User',2,'kiru-spa','0ffe9bae6ba1070178e9e994c82ddb6b5208dadb12682c37532283f98ffa9c1b','[\"*\"]','2021-01-18 20:06:39','2020-11-23 14:39:17','2021-01-18 20:06:39'),(4,'App\\User',2,'kiru-spa','c8009844199e54a8a0afb829f8a62bddadcc60abf4d503a1d89690bb03d748cc','[\"*\"]','2021-01-18 17:41:44','2020-11-25 17:37:56','2021-01-18 17:41:44'),(5,'App\\User',1,'kiru-spa','8ed1614156e0ea54709a65090df4c686942f43c8a444b13e0fcaf134f68cc841','[\"*\"]','2020-12-17 16:43:42','2020-11-25 18:09:47','2020-12-17 16:43:42'),(6,'App\\User',1,'kiru-spa','ff9a6db664520e335a0175068ff8ad6f8750ed94e3ab6e9f8eda2e67bf33d9a0','[\"*\"]','2021-01-07 03:13:11','2021-01-07 03:10:25','2021-01-07 03:13:11'),(8,'App\\User',2,'kiru-spa','740f6138a64899e3ca3e6c273a60fb18c2cbe580c930160d70f33d9ccc814487','[\"*\"]','2022-05-23 23:56:19','2021-02-15 16:09:13','2022-05-23 23:56:19'),(9,'App\\User',1,'kiru-spa','843cab12c4a672f03badf7f5c509c344e6b9ff7f0d7ec251a97e8c9e5880a23a','[\"*\"]','2021-07-23 13:42:29','2021-07-23 13:41:59','2021-07-23 13:42:29'),(11,'App\\User',2,'kiru-spa','cdaf2f2e42e6f27583f4047a7a863ec62b7430ebe0b3a2de939a614b2d45d83e','[\"*\"]','2022-04-12 15:34:13','2022-04-12 15:31:21','2022-04-12 15:34:13'),(12,'App\\User',2,'kiru-spa','41dd8330e073f09b6fd15f86cb9bcb433498fdfe80e89442d4d38a2bacc25994','[\"*\"]','2022-04-12 17:34:46','2022-04-12 15:53:24','2022-04-12 17:34:46'),(13,'App\\User',1,'kiru-spa','1f9c207e7de24bf5b5d2a545b33a8c084cba5ea411248989fed129bf23ceee93','[\"*\"]','2022-04-13 20:22:51','2022-04-13 20:21:59','2022-04-13 20:22:51'),(14,'App\\User',1,'kiru-spa','0beb7d42e43be7ad48c4cfcbd42edb2a904ea7f2001c9c2c0c20b91f484992cc','[\"*\"]','2022-10-04 17:41:40','2022-05-02 17:11:08','2022-10-04 17:41:40');
/*!40000 ALTER TABLE `personal_access_tokens` ENABLE KEYS */;
UNLOCK TABLES;

--
-- Table structure for table `posts`
--

DROP TABLE IF EXISTS `posts`;
/*!40101 SET @saved_cs_client     = @@character_set_client */;
/*!40101 SET character_set_client = utf8 */;
CREATE TABLE `posts` (
  `id` int(10) unsigned NOT NULL AUTO_INCREMENT,
  `author_id` int(11) NOT NULL,
  `category_id` int(11) DEFAULT NULL,
  `title` varchar(255) COLLATE utf8mb4_unicode_ci NOT NULL,
  `seo_title` varchar(255) COLLATE utf8mb4_unicode_ci DEFAULT NULL,
  `excerpt` text COLLATE utf8mb4_unicode_ci,
  `body` text COLLATE utf8mb4_unicode_ci NOT NULL,
  `image` varchar(255) COLLATE utf8mb4_unicode_ci DEFAULT NULL,
  `slug` varchar(255) COLLATE utf8mb4_unicode_ci NOT NULL,
  `meta_description` text COLLATE utf8mb4_unicode_ci,
  `meta_keywords` text COLLATE utf8mb4_unicode_ci,
  `status` enum('PUBLISHED','DRAFT','PENDING') COLLATE utf8mb4_unicode_ci NOT NULL DEFAULT 'DRAFT',
  `featured` tinyint(1) NOT NULL DEFAULT '0',
  `created_at` timestamp NULL DEFAULT NULL,
  `updated_at` timestamp NULL DEFAULT NULL,
  PRIMARY KEY (`id`),
  UNIQUE KEY `posts_slug_unique` (`slug`)
) ENGINE=InnoDB AUTO_INCREMENT=5 DEFAULT CHARSET=utf8mb4 COLLATE=utf8mb4_unicode_ci;
/*!40101 SET character_set_client = @saved_cs_client */;

--
-- Dumping data for table `posts`
--

LOCK TABLES `posts` WRITE;
/*!40000 ALTER TABLE `posts` DISABLE KEYS */;
INSERT INTO `posts` VALUES (1,1,NULL,'Lorem Ipsum Post',NULL,'This is the excerpt for the Lorem Ipsum Post','<p>This is the body of the lorem ipsum post</p>','posts/post1.jpg','lorem-ipsum-post','This is the meta description','keyword1, keyword2, keyword3','PUBLISHED',0,'2020-11-23 14:35:39','2020-11-23 14:35:39'),(2,1,NULL,'My Sample Post',NULL,'This is the excerpt for the sample Post','<p>This is the body for the sample post, which includes the body.</p>\n                <h2>We can use all kinds of format!</h2>\n                <p>And include a bunch of other stuff.</p>','posts/post2.jpg','my-sample-post','Meta Description for sample post','keyword1, keyword2, keyword3','PUBLISHED',0,'2020-11-23 14:35:39','2020-11-23 14:35:39'),(3,1,NULL,'Latest Post',NULL,'This is the excerpt for the latest post','<p>This is the body for the latest post</p>','posts/post3.jpg','latest-post','This is the meta description','keyword1, keyword2, keyword3','PUBLISHED',0,'2020-11-23 14:35:39','2020-11-23 14:35:39'),(4,1,NULL,'Yarr Post',NULL,'Reef sails nipperkin bring a spring upon her cable coffer jury mast spike marooned Pieces of Eight poop deck pillage. Clipper driver coxswain galleon hempen halter come about pressgang gangplank boatswain swing the lead. Nipperkin yard skysail swab lanyard Blimey bilge water ho quarter Buccaneer.','<p>Swab deadlights Buccaneer fire ship square-rigged dance the hempen jig weigh anchor cackle fruit grog furl. Crack Jennys tea cup chase guns pressgang hearties spirits hogshead Gold Road six pounders fathom measured fer yer chains. Main sheet provost come about trysail barkadeer crimp scuttle mizzenmast brig plunder.</p>\n<p>Mizzen league keelhaul galleon tender cog chase Barbary Coast doubloon crack Jennys tea cup. Blow the man down lugsail fire ship pinnace cackle fruit line warp Admiral of the Black strike colors doubloon. Tackle Jack Ketch come about crimp rum draft scuppers run a shot across the bow haul wind maroon.</p>\n<p>Interloper heave down list driver pressgang holystone scuppers tackle scallywag bilged on her anchor. Jack Tar interloper draught grapple mizzenmast hulk knave cable transom hogshead. Gaff pillage to go on account grog aft chase guns piracy yardarm knave clap of thunder.</p>','posts/post4.jpg','yarr-post','this be a meta descript','keyword1, keyword2, keyword3','PUBLISHED',0,'2020-11-23 14:35:39','2020-11-23 14:35:39');
/*!40000 ALTER TABLE `posts` ENABLE KEYS */;
UNLOCK TABLES;

--
-- Table structure for table `product`
--

DROP TABLE IF EXISTS `product`;
/*!40101 SET @saved_cs_client     = @@character_set_client */;
/*!40101 SET character_set_client = utf8 */;
CREATE TABLE `product` (
  `id` bigint(20) unsigned NOT NULL AUTO_INCREMENT,
  `name` varchar(255) COLLATE utf8mb4_unicode_ci NOT NULL,
  `brand_name` varchar(255) COLLATE utf8mb4_unicode_ci NOT NULL,
  `quantity` varchar(255) COLLATE utf8mb4_unicode_ci NOT NULL,
  `unit` varchar(255) COLLATE utf8mb4_unicode_ci NOT NULL,
  `consulting_room` int(11) NOT NULL,
  `created_at` timestamp NULL DEFAULT NULL,
  `updated_at` timestamp NULL DEFAULT NULL,
  PRIMARY KEY (`id`)
) ENGINE=InnoDB DEFAULT CHARSET=utf8mb4 COLLATE=utf8mb4_unicode_ci;
/*!40101 SET character_set_client = @saved_cs_client */;

--
-- Dumping data for table `product`
--

LOCK TABLES `product` WRITE;
/*!40000 ALTER TABLE `product` DISABLE KEYS */;
/*!40000 ALTER TABLE `product` ENABLE KEYS */;
UNLOCK TABLES;

--
-- Table structure for table `roles`
--

DROP TABLE IF EXISTS `roles`;
/*!40101 SET @saved_cs_client     = @@character_set_client */;
/*!40101 SET character_set_client = utf8 */;
CREATE TABLE `roles` (
  `id` bigint(20) unsigned NOT NULL AUTO_INCREMENT,
  `name` varchar(255) COLLATE utf8mb4_unicode_ci NOT NULL,
  `display_name` varchar(255) COLLATE utf8mb4_unicode_ci NOT NULL,
  `created_at` timestamp NULL DEFAULT NULL,
  `updated_at` timestamp NULL DEFAULT NULL,
  PRIMARY KEY (`id`),
  UNIQUE KEY `roles_name_unique` (`name`)
) ENGINE=InnoDB AUTO_INCREMENT=5 DEFAULT CHARSET=utf8mb4 COLLATE=utf8mb4_unicode_ci;
/*!40101 SET character_set_client = @saved_cs_client */;

--
-- Dumping data for table `roles`
--

LOCK TABLES `roles` WRITE;
/*!40000 ALTER TABLE `roles` DISABLE KEYS */;
INSERT INTO `roles` VALUES (1,'admin','Administrador','2020-11-23 14:35:38','2020-11-23 14:35:38'),(2,'admin-company','Administrador Empresa','2020-11-23 14:35:38','2020-11-23 14:35:38'),(3,'user','Usuario Normal','2020-11-23 14:35:38','2020-11-23 14:35:38'),(4,'doctor','Doctor','2020-11-23 14:35:38','2020-11-23 14:35:38');
/*!40000 ALTER TABLE `roles` ENABLE KEYS */;
UNLOCK TABLES;

--
-- Table structure for table `settings`
--

DROP TABLE IF EXISTS `settings`;
/*!40101 SET @saved_cs_client     = @@character_set_client */;
/*!40101 SET character_set_client = utf8 */;
CREATE TABLE `settings` (
  `id` int(10) unsigned NOT NULL AUTO_INCREMENT,
  `key` varchar(255) COLLATE utf8mb4_unicode_ci NOT NULL,
  `display_name` varchar(255) COLLATE utf8mb4_unicode_ci NOT NULL,
  `value` text COLLATE utf8mb4_unicode_ci,
  `details` text COLLATE utf8mb4_unicode_ci,
  `type` varchar(255) COLLATE utf8mb4_unicode_ci NOT NULL,
  `order` int(11) NOT NULL DEFAULT '1',
  `group` varchar(255) COLLATE utf8mb4_unicode_ci DEFAULT NULL,
  PRIMARY KEY (`id`),
  UNIQUE KEY `settings_key_unique` (`key`)
) ENGINE=InnoDB AUTO_INCREMENT=11 DEFAULT CHARSET=utf8mb4 COLLATE=utf8mb4_unicode_ci;
/*!40101 SET character_set_client = @saved_cs_client */;

--
-- Dumping data for table `settings`
--

LOCK TABLES `settings` WRITE;
/*!40000 ALTER TABLE `settings` DISABLE KEYS */;
INSERT INTO `settings` VALUES (1,'site.title','Título del sitio','Título del sitio','','text',1,'Site'),(2,'site.description','Descripción del sitio','Descripción del sitio','','text',2,'Site'),(3,'site.logo','Logo del sitio','','','image',3,'Site'),(4,'site.google_analytics_tracking_id','ID de rastreo de Google Analytics','','','text',4,'Site'),(5,'admin.bg_image','Imagen de fondo del administrador','','','image',5,'Admin'),(6,'admin.title','Título del administrador','Voyager','','text',1,'Admin'),(7,'admin.description','Descripción del administrador','Bienvenido a Voyager. El administrador que le faltaba a Laravel','','text',2,'Admin'),(8,'admin.loader','Imagen de carga del administrador','','','image',3,'Admin'),(9,'admin.icon_image','Ícono del administrador','','','image',4,'Admin'),(10,'admin.google_analytics_client_id','ID de Cliente para Google Analytics (usado para el tablero de administrador)','','','text',1,'Admin');
/*!40000 ALTER TABLE `settings` ENABLE KEYS */;
UNLOCK TABLES;

--
-- Table structure for table `translations`
--

DROP TABLE IF EXISTS `translations`;
/*!40101 SET @saved_cs_client     = @@character_set_client */;
/*!40101 SET character_set_client = utf8 */;
CREATE TABLE `translations` (
  `id` int(10) unsigned NOT NULL AUTO_INCREMENT,
  `table_name` varchar(255) COLLATE utf8mb4_unicode_ci NOT NULL,
  `column_name` varchar(255) COLLATE utf8mb4_unicode_ci NOT NULL,
  `foreign_key` int(10) unsigned NOT NULL,
  `locale` varchar(255) COLLATE utf8mb4_unicode_ci NOT NULL,
  `value` text COLLATE utf8mb4_unicode_ci NOT NULL,
  `created_at` timestamp NULL DEFAULT NULL,
  `updated_at` timestamp NULL DEFAULT NULL,
  PRIMARY KEY (`id`),
  UNIQUE KEY `translations_table_name_column_name_foreign_key_locale_unique` (`table_name`,`column_name`,`foreign_key`,`locale`)
) ENGINE=InnoDB AUTO_INCREMENT=40 DEFAULT CHARSET=utf8mb4 COLLATE=utf8mb4_unicode_ci;
/*!40101 SET character_set_client = @saved_cs_client */;

--
-- Dumping data for table `translations`
--

LOCK TABLES `translations` WRITE;
/*!40000 ALTER TABLE `translations` DISABLE KEYS */;
INSERT INTO `translations` VALUES (1,'data_types','display_name_singular',5,'es','Post','2020-11-23 14:35:39','2020-11-23 14:35:39'),(2,'data_types','display_name_singular',6,'es','Página','2020-11-23 14:35:39','2020-11-23 14:35:39'),(3,'data_types','display_name_singular',1,'es','Usuario','2020-11-23 14:35:39','2020-11-23 14:35:39'),(4,'data_types','display_name_singular',4,'es','Categoria','2020-11-23 14:35:39','2020-11-23 14:35:39'),(5,'data_types','display_name_singular',2,'es','Menu','2020-11-23 14:35:39','2020-11-23 14:35:39'),(6,'data_types','display_name_singular',3,'es','Rol','2020-11-23 14:35:39','2020-11-23 14:35:39'),(7,'categories','slug',1,'es','categoria-1','2020-11-23 14:35:39','2020-11-23 14:35:39'),(8,'categories','name',1,'es','Categoria 1','2020-11-23 14:35:39','2020-11-23 14:35:39'),(9,'categories','slug',2,'es','categoria-2','2020-11-23 14:35:39','2020-11-23 14:35:39'),(10,'categories','name',2,'es','Categoria 2','2020-11-23 14:35:39','2020-11-23 14:35:39'),(11,'pages','title',1,'es','Olá Mundo','2020-11-23 14:35:39','2020-11-23 14:35:39'),(12,'pages','slug',1,'es','ola-mundo','2020-11-23 14:35:39','2020-11-23 14:35:39'),(13,'pages','body',1,'es','<p>Olá Mundo. Scallywag grog swab Cat o\'nine tails scuttle rigging hardtack cable nipper Yellow Jack. Handsomely spirits knave lad killick landlubber or just lubber deadlights chantey pinnace crack Jennys tea cup. Provost long clothes black spot Yellow Jack bilged on her anchor league lateen sail case shot lee tackle.</p>\r\n<p>Ballast spirits fluke topmast me quarterdeck schooner landlubber or just lubber gabion belaying pin. Pinnace stern galleon starboard warp carouser to go on account dance the hempen jig jolly boat measured fer yer chains. Man-of-war fire in the hole nipperkin handsomely doubloon barkadeer Brethren of the Coast gibbet driver squiffy.</p>','2020-11-23 14:35:39','2020-11-23 14:35:39'),(14,'menu_items','title',1,'es','Panel de Control','2020-11-23 14:35:39','2020-11-23 14:35:39'),(15,'menu_items','title',2,'es','Media','2020-11-23 14:35:39','2020-11-23 14:35:39'),(16,'menu_items','title',12,'es','Publicaciones','2020-11-23 14:35:39','2020-11-23 14:35:39'),(17,'menu_items','title',3,'es','Utilizadores','2020-11-23 14:35:39','2020-11-23 14:35:39'),(18,'menu_items','title',11,'es','Categorias','2020-11-23 14:35:39','2020-11-23 14:35:39'),(19,'menu_items','title',13,'es','Páginas','2020-11-23 14:35:39','2020-11-23 14:35:39'),(20,'menu_items','title',4,'es','Roles','2020-11-23 14:35:39','2020-11-23 14:35:39'),(21,'menu_items','title',5,'es','Herramientas','2020-11-23 14:35:39','2020-11-23 14:35:39'),(22,'menu_items','title',6,'es','Menus','2020-11-23 14:35:39','2020-11-23 14:35:39'),(23,'menu_items','title',7,'es','Base de datos','2020-11-23 14:35:39','2020-11-23 14:35:39'),(24,'menu_items','title',10,'es','Configuraciones','2020-11-23 14:35:39','2020-11-23 14:35:39'),(25,'data_rows','display_name',117,'en','id','2020-11-29 06:41:12','2020-11-29 06:41:12'),(26,'data_rows','display_name',118,'en','Fecha','2020-11-29 06:41:12','2020-11-29 06:41:12'),(27,'data_rows','display_name',119,'en','Consultorio','2020-11-29 06:41:12','2020-11-29 06:41:12'),(28,'data_rows','display_name',126,'en','Tratamiento','2020-11-29 06:41:12','2020-11-29 06:41:12'),(29,'data_rows','display_name',121,'en','seeders.data_rows.doctor_id','2020-11-29 06:41:12','2020-11-29 06:41:12'),(30,'data_rows','display_name',123,'en','seeders.data_rows.patient_id','2020-11-29 06:41:12','2020-11-29 06:41:12'),(31,'data_rows','display_name',127,'en','Observaciones','2020-11-29 06:41:12','2020-11-29 06:41:12'),(32,'data_rows','display_name',128,'en','Creado','2020-11-29 06:41:12','2020-11-29 06:41:12'),(33,'data_rows','display_name',129,'en','Actualizado','2020-11-29 06:41:12','2020-11-29 06:41:12'),(34,'data_rows','display_name',124,'en','Paciente','2020-11-29 06:41:12','2020-11-29 06:41:12'),(35,'data_rows','display_name',122,'en','Doctor','2020-11-29 06:41:12','2020-11-29 06:41:12'),(36,'data_rows','display_name',120,'en','Consultorio','2020-11-29 06:41:12','2020-11-29 06:41:12'),(37,'data_rows','display_name',125,'en','seeders.data_rows.budget','2020-11-29 06:41:12','2020-11-29 06:41:12'),(38,'data_types','display_name_singular',13,'en','Historia Clinica','2020-11-29 06:41:12','2020-11-29 06:41:12'),(39,'data_types','display_name_plural',13,'en','Historias Clinicas','2020-11-29 06:41:12','2020-11-29 06:41:12');
/*!40000 ALTER TABLE `translations` ENABLE KEYS */;
UNLOCK TABLES;

--
-- Table structure for table `user_roles`
--

DROP TABLE IF EXISTS `user_roles`;
/*!40101 SET @saved_cs_client     = @@character_set_client */;
/*!40101 SET character_set_client = utf8 */;
CREATE TABLE `user_roles` (
  `user_id` bigint(20) unsigned NOT NULL,
  `role_id` bigint(20) unsigned NOT NULL,
  PRIMARY KEY (`user_id`,`role_id`),
  KEY `user_roles_user_id_index` (`user_id`),
  KEY `user_roles_role_id_index` (`role_id`),
  CONSTRAINT `user_roles_role_id_foreign` FOREIGN KEY (`role_id`) REFERENCES `roles` (`id`) ON DELETE CASCADE,
  CONSTRAINT `user_roles_user_id_foreign` FOREIGN KEY (`user_id`) REFERENCES `users` (`id`) ON DELETE CASCADE
) ENGINE=InnoDB DEFAULT CHARSET=utf8mb4 COLLATE=utf8mb4_unicode_ci;
/*!40101 SET character_set_client = @saved_cs_client */;

--
-- Dumping data for table `user_roles`
--

LOCK TABLES `user_roles` WRITE;
/*!40000 ALTER TABLE `user_roles` DISABLE KEYS */;
/*!40000 ALTER TABLE `user_roles` ENABLE KEYS */;
UNLOCK TABLES;

--
-- Table structure for table `users`
--

DROP TABLE IF EXISTS `users`;
/*!40101 SET @saved_cs_client     = @@character_set_client */;
/*!40101 SET character_set_client = utf8 */;
CREATE TABLE `users` (
  `id` bigint(20) unsigned NOT NULL AUTO_INCREMENT,
  `role_id` bigint(20) unsigned DEFAULT NULL,
  `name` varchar(255) COLLATE utf8mb4_unicode_ci NOT NULL,
  `last_name` varchar(255) COLLATE utf8mb4_unicode_ci NOT NULL DEFAULT '',
  `document_number` varchar(255) COLLATE utf8mb4_unicode_ci DEFAULT '',
  `phone_number` varchar(255) COLLATE utf8mb4_unicode_ci DEFAULT '',
  `specialities` varchar(255) COLLATE utf8mb4_unicode_ci DEFAULT '',
  `username` varchar(255) COLLATE utf8mb4_unicode_ci NOT NULL,
  `email` varchar(255) COLLATE utf8mb4_unicode_ci NOT NULL,
  `avatar` varchar(255) COLLATE utf8mb4_unicode_ci DEFAULT 'users/default.png',
  `api_token` varchar(80) COLLATE utf8mb4_unicode_ci DEFAULT NULL,
  `email_verified_at` timestamp NULL DEFAULT NULL,
  `password` varchar(255) COLLATE utf8mb4_unicode_ci NOT NULL,
  `remember_token` varchar(100) COLLATE utf8mb4_unicode_ci DEFAULT NULL,
  `settings` text COLLATE utf8mb4_unicode_ci,
  `created_at` timestamp NULL DEFAULT NULL,
  `updated_at` timestamp NULL DEFAULT NULL,
  PRIMARY KEY (`id`),
  UNIQUE KEY `users_username_unique` (`username`),
  UNIQUE KEY `users_email_unique` (`email`),
  UNIQUE KEY `users_api_token_unique` (`api_token`),
  KEY `users_role_id_foreign` (`role_id`),
  CONSTRAINT `users_role_id_foreign` FOREIGN KEY (`role_id`) REFERENCES `roles` (`id`)
) ENGINE=InnoDB AUTO_INCREMENT=9 DEFAULT CHARSET=utf8mb4 COLLATE=utf8mb4_unicode_ci;
/*!40101 SET character_set_client = @saved_cs_client */;

--
-- Dumping data for table `users`
--

LOCK TABLES `users` WRITE;
/*!40000 ALTER TABLE `users` DISABLE KEYS */;
INSERT INTO `users` VALUES (1,1,'Admin','','','','','admin','admin@admin.com','users/default.png',NULL,NULL,'$2y$10$.fdDKhFlNX7l2UZtzFd7iuyeFN2foJqhtSjzNqg9IpE.SyG3trnnG','7Ui3vZQoAFCcj62LNdwYj8VqOgxaiYDDSp7kvBByaKwOKI95j8RVmHC4Kkgd',NULL,'2020-11-23 14:35:39','2020-11-23 14:35:39'),(2,2,'Jean Paul','Rioja','45064303','987003820',NULL,'jprioja','jeanpaulrd@gmail.com','users/default.png',NULL,NULL,'$2y$10$ou2FPd.yuobH1A9vtmlqeO6XyarQQMwnRK0HDKUqpWYpjAks.JzIK',NULL,NULL,'2020-11-23 14:39:09','2020-11-25 17:02:09'),(3,4,'Ingrid','Manrique','70901051','958580133',NULL,'imanrique','ingrid88@gmail.com','users/default.png',NULL,NULL,'$2y$10$w/KIheWydfv83LxvoX3cXeVpA5GlsspwdOJ2uhG304ECJUPlmsaga',NULL,NULL,'2020-11-25 16:59:25','2020-11-25 16:59:25'),(6,4,'Jean Paul','Rioja Daza','45064303','987003820',NULL,'jprd88','jeanpaulrd88@gmail.com','users/default.png',NULL,NULL,'$2y$10$zHprpSPihZW/mC.EfgeINeApZ5EVm9d9D9Db7LMMpocRiVTpuMKW.',NULL,NULL,'2020-12-02 15:00:07','2020-12-02 15:00:07'),(7,4,'Daniela Samantha','Salinas Salinas','70275021','958146462',NULL,'Dsalinas','dani-2819@hotmail.com','users/default.png',NULL,NULL,'$2y$10$IBWuTBAcgD.MXLnyEwYk7eUKgRzem1Z6GqsGolou0WeBzQPeUdtkG',NULL,NULL,'2020-12-22 16:46:51','2020-12-22 16:46:51'),(8,4,'Esluvia','Sánchez  Layme','72195063','988935000',NULL,'Dra Esluvia','carmenesluvia@gmail.com','users/default.png',NULL,NULL,'$2y$10$ejQ/RTGxskvb9/uQyqu/g.RlRW6eb035lpFBXKtLn0i3q93chBIpi',NULL,NULL,'2021-02-15 16:13:41','2021-02-15 16:13:41');
/*!40000 ALTER TABLE `users` ENABLE KEYS */;
UNLOCK TABLES;

--
-- Table structure for table `websites`
--

DROP TABLE IF EXISTS `websites`;
/*!40101 SET @saved_cs_client     = @@character_set_client */;
/*!40101 SET character_set_client = utf8 */;
CREATE TABLE `websites` (
  `id` bigint(20) unsigned NOT NULL AUTO_INCREMENT,
  `uuid` varchar(255) COLLATE utf8mb4_unicode_ci NOT NULL,
  `created_at` timestamp NULL DEFAULT NULL,
  `updated_at` timestamp NULL DEFAULT NULL,
  `deleted_at` timestamp NULL DEFAULT NULL,
  `managed_by_database_connection` varchar(255) COLLATE utf8mb4_unicode_ci DEFAULT NULL COMMENT 'References the database connection key in your database.php',
  PRIMARY KEY (`id`)
) ENGINE=InnoDB DEFAULT CHARSET=utf8mb4 COLLATE=utf8mb4_unicode_ci;
/*!40101 SET character_set_client = @saved_cs_client */;

--
-- Dumping data for table `websites`
--

LOCK TABLES `websites` WRITE;
/*!40000 ALTER TABLE `websites` DISABLE KEYS */;
/*!40000 ALTER TABLE `websites` ENABLE KEYS */;
UNLOCK TABLES;
/*!40103 SET TIME_ZONE=@OLD_TIME_ZONE */;

/*!40101 SET SQL_MODE=@OLD_SQL_MODE */;
/*!40014 SET FOREIGN_KEY_CHECKS=@OLD_FOREIGN_KEY_CHECKS */;
/*!40014 SET UNIQUE_CHECKS=@OLD_UNIQUE_CHECKS */;
/*!40101 SET CHARACTER_SET_CLIENT=@OLD_CHARACTER_SET_CLIENT */;
/*!40101 SET CHARACTER_SET_RESULTS=@OLD_CHARACTER_SET_RESULTS */;
/*!40101 SET COLLATION_CONNECTION=@OLD_COLLATION_CONNECTION */;
/*!40111 SET SQL_NOTES=@OLD_SQL_NOTES */;

-- Dump completed on 2022-11-03 20:16:07
